year,month,region,chlor_a_n_pixels,sst_n_pixels,chlor_a_max,sst_max,chlor_a_mean,sst_mean,chlor_a_min,sst_min,chlor_a_std,sst_std,rainfall_mm_total_mean,rainfall_mm_total_min,rainfall_mm_total_max,rainfall_mm_max_daily,rainy_days_mean,rainfall_n_cells
2002,1,Karnataka,,,,,,,,,,,0.416,0.0,13.232,9.078,0.1,117
2002,1,Kerala,,,,,,,,,,,3.071,0.0,48.339,44.866,0.4,247
2002,2,Karnataka,,,,,,,,,,,16.482,0.0,114.103,57.175,1.68,117
2002,2,Kerala,,,,,,,,,,,7.691,0.0,66.372,35.4,1.18,247
2002,3,Karnataka,,,,,,,,,,,0.845,0.0,37.13,18.565,0.15,117
2002,3,Kerala,,,,,,,,,,,18.179,0.0,93.488,59.036,1.88,247
2002,4,Karnataka,,,,,,,,,,,35.105,0.7,160.008,58.336,5.22,117
2002,4,Kerala,,,,,,,,,,,67.751,0.74,301.6,58.8,8.18,247
2002,5,Karnataka,,,,,,,,,,,119.363,3.068,415.185,147.646,9.76,117
2002,5,Kerala,,,,,,,,,,,199.793,0.0,544.621,184.046,13.51,247
2002,6,Karnataka,,,,,,,,,,,459.387,18.0,1313.306,187.631,20.86,117
2002,6,Kerala,,,,,,,,,,,311.709,0.682,1026.942,187.668,17.61,247
2002,7,Karnataka,476.0,,18.3814,,3.4104,,0.3472,,3.5156,,323.11,3.862,1152.43,135.503,21.3,117
2002,7,Kerala,3990.0,,64.0465,,3.5801,,0.1254,,4.1693,,209.927,0.0,853.198,121.759,16.98,247
2002,8,Karnataka,224.0,1164.0,6.6726,29.005,2.6186,26.5359,0.8283,24.625,1.4172,0.6699,482.916,18.5,1743.244,189.573,21.59,117
2002,8,Kerala,1826.0,5472.0,85.598,31.96,8.1393,27.0671,0.3127,23.96,12.1693,0.6069,311.971,0.323,1009.861,161.431,17.14,247
2002,9,Karnataka,1176.0,1248.0,57.1534,33.195,4.3585,28.0793,1.1052,25.7,3.2824,0.7456,115.198,15.975,416.968,79.989,10.3,117
2002,9,Kerala,5457.0,5513.0,85.5122,32.905,2.7797,28.8396,0.1808,25.7,4.2745,0.6422,79.205,1.853,215.388,108.153,7.19,247
2002,10,Karnataka,1005.0,1237.0,33.8701,33.13,1.8993,29.8014,0.2991,28.12,2.6085,0.5764,290.827,18.931,765.211,197.087,15.91,117
2002,10,Kerala,3906.0,5516.0,32.6347,33.6,1.1738,29.3993,0.106,27.665,2.678,0.5453,346.985,18.585,811.259,342.875,18.43,247
2002,11,Karnataka,1178.0,1254.0,27.0534,35.505,1.6466,30.0228,0.2273,28.255,2.4825,0.3872,20.195,0.0,175.022,65.126,2.09,117
2002,11,Kerala,5462.0,5536.0,14.2511,33.065,0.6416,29.8253,0.1145,26.945,1.2271,0.3789,85.491,0.0,498.0,117.4,6.89,247
2002,12,Karnataka,1181.0,1225.0,12.9068,33.09,1.6359,29.2197,0.2161,26.125,2.4597,0.4712,0.325,0.0,6.268,6.268,0.08,117
2002,12,Kerala,5460.0,5518.0,31.3498,33.85,0.5497,29.2312,0.1154,27.83,1.4387,0.3275,2.625,0.0,33.647,33.647,0.46,247
2003,1,Karnataka,1178.0,1190.0,19.2176,31.39,1.6075,28.6911,0.1774,27.67,2.5167,0.2504,0.102,0.0,4.576,4.576,0.03,117
2003,1,Kerala,5462.0,5502.0,24.2078,34.42,0.4645,28.8257,0.1365,27.905,1.1698,0.287,0.376,0.0,9.671,9.671,0.09,247
2003,2,Karnataka,1164.0,1188.0,14.3308,36.06,1.4083,29.1679,0.1931,28.52,2.1404,0.4657,4.585,0.0,43.69,25.417,0.77,117
2003,2,Kerala,5428.0,5505.0,12.3198,34.46,0.4267,29.3053,0.1373,28.65,0.9648,0.3999,29.751,0.0,176.263,79.093,2.88,247
2003,3,Karnataka,1153.0,1187.0,6.0021,39.605,0.7678,30.1044,0.1666,29.245,0.9164,0.4981,12.298,0.0,63.643,29.878,2.01,117
2003,3,Kerala,5435.0,5515.0,15.4974,37.9,0.4309,30.1606,0.1016,28.99,1.1254,0.4712,45.148,0.194,188.955,70.558,4.41,247
2003,4,Karnataka,955.0,1192.0,16.0932,39.37,0.8086,30.6146,0.1604,30.05,1.1914,0.7013,50.724,0.0,223.277,57.396,6.58,117
2003,4,Kerala,5179.0,5495.0,16.0932,36.18,0.3312,30.769,0.0853,29.095,0.582,0.3836,92.823,2.283,320.004,112.108,8.56,247
2003,5,Karnataka,942.0,1193.0,15.3318,39.665,2.5305,29.6702,0.1721,27.925,2.6089,0.9344,8.629,0.0,58.728,34.522,1.73,117
2003,5,Kerala,4311.0,5496.0,18.1261,34.92,0.4712,29.6966,0.0798,26.625,1.176,0.6531,52.354,0.0,160.104,94.897,5.9,247
2003,6,Karnataka,272.0,1166.0,6.6277,30.38,1.1145,29.0118,0.1461,27.975,1.1665,0.4622,511.294,1.583,1787.755,303.047,15.83,117
2003,6,Kerala,4702.0,5429.0,25.1691,34.42,0.9059,29.3215,0.1237,27.72,1.8583,0.4983,345.592,2.422,1138.307,205.879,14.67,247
2003,7,Karnataka,32.0,447.0,3.4678,28.675,1.1189,27.2048,0.4863,25.665,0.7933,0.5235,570.429,11.169,1942.864,250.979,23.53,117
2003,7,Kerala,839.0,3606.0,50.9486,34.24,3.9334,27.5107,0.1676,25.665,7.4746,0.6242,358.992,2.196,1346.474,112.61,20.01,247
2003,8,Karnataka,59.0,1177.0,2.3197,30.015,1.0822,27.4622,0.5326,22.77,0.3118,0.525,399.017,21.551,1351.139,174.386,23.08,117
2003,8,Kerala,1947.0,5496.0,86.2929,31.74,4.9624,28.0741,0.1459,25.36,9.7251,0.6416,243.154,0.617,1351.139,169.378,17.67,247
2003,9,Karnataka,1105.0,1235.0,19.1296,31.8,3.1429,28.4457,0.3591,25.93,2.2557,0.5301,128.528,3.655,448.31,98.857,13.39,117
2003,9,Kerala,5258.0,5515.0,64.2262,33.21,2.4703,28.7243,0.1285,25.925,4.1693,0.5724,66.785,0.0,278.306,83.495,7.34,247
2003,10,Karnataka,1175.0,1265.0,39.8573,33.005,3.0205,29.6625,0.2159,27.82,4.1864,0.4528,208.257,97.023,399.34,133.046,13.24,117
2003,10,Kerala,5439.0,5535.0,48.2422,32.785,1.4013,29.2963,0.1643,27.225,3.0599,0.3825,277.266,19.808,799.765,140.918,17.59,247
2003,11,Karnataka,1182.0,1236.0,35.0968,33.985,3.094,29.7888,0.2759,27.84,5.1031,0.3943,7.673,0.0,45.106,32.33,1.18,117
2003,11,Kerala,5449.0,5517.0,22.2081,33.25,0.7542,29.6374,0.1886,27.91,1.6591,0.3579,53.591,0.0,284.899,88.098,6.27,247
2003,12,Karnataka,1183.0,1204.0,13.9923,33.95,1.742,28.7295,0.2758,27.625,2.3348,0.3623,1.098,0.0,64.098,63.0,0.09,117
2003,12,Kerala,5470.0,5521.0,19.9656,34.915,0.5085,28.653,0.1927,27.99,1.1253,0.3183,4.561,0.0,72.296,67.644,0.55,247
2004,1,Karnataka,1180.0,1191.0,10.4985,31.89,1.3178,28.2619,0.2564,27.56,1.7144,0.3079,0.496,0.0,17.841,10.055,0.16,117
2004,1,Kerala,5462.0,5500.0,27.0073,33.425,0.5409,28.5382,0.1795,27.91,1.1893,0.3201,1.556,0.0,22.82,16.76,0.33,247
2004,2,Karnataka,1179.0,1186.0,11.4134,32.55,1.2573,28.5357,0.2244,27.64,1.9015,0.2701,3.502,0.0,296.592,28.669,0.31,117
2004,2,Kerala,5432.0,5485.0,23.8316,34.925,0.4514,29.0035,0.1412,28.46,1.04,0.3751,4.283,0.0,54.4,51.136,0.52,247
2004,3,Karnataka,1113.0,1190.0,23.4535,39.645,0.8579,29.671,0.1602,29.16,1.6696,0.5444,8.622,0.0,59.278,46.138,1.39,117
2004,3,Kerala,5364.0,5491.0,18.4118,38.87,0.3944,29.9413,0.1249,29.055,0.8852,0.3392,21.127,0.0,192.897,70.107,2.25,247
2004,4,Karnataka,1152.0,1194.0,10.2039,38.735,0.835,30.4643,0.1577,29.745,1.3034,0.6628,63.237,0.0,206.434,78.0,6.68,117
2004,4,Kerala,5371.0,5503.0,11.4619,37.575,0.4408,30.825,0.1068,29.365,0.9762,0.4549,87.152,1.911,261.33,75.147,8.89,247
2004,5,Karnataka,434.0,1201.0,10.801,35.29,1.6843,29.7863,0.1748,28.48,2.1247,0.5589,283.518,80.043,808.5,158.356,19.24,117
2004,5,Kerala,4017.0,5485.0,31.6155,34.59,1.1679,29.4733,0.123,27.31,2.3896,0.5654,389.961,13.558,919.877,213.149,19.38,247
2004,6,Karnataka,262.0,1201.0,4.6204,32.745,1.1916,28.1209,0.5654,23.085,0.8926,0.7425,558.661,60.795,1561.38,291.554,21.53,117
2004,6,Kerala,1658.0,5497.0,15.8355,32.745,1.076,27.7869,0.1326,24.015,1.6938,0.5898,429.629,4.62,1367.514,192.161,18.92,247
2004,7,Karnataka,2.0,987.0,15.4978,31.625,15.4978,27.6146,15.4978,23.73,0.0,0.6875,457.396,13.413,1915.849,213.747,23.2,117
2004,7,Kerala,2853.0,4805.0,22.4432,31.855,3.9343,26.9465,0.2666,23.73,3.6416,0.6882,287.287,16.58,949.281,123.27,22.92,247
2004,8,Karnataka,100.0,1202.0,24.1273,29.955,6.9005,26.4457,0.9401,23.995,8.3521,0.4428,588.17,35.82,2110.327,276.035,22.98,117
2004,8,Kerala,3234.0,5490.0,30.8278,31.955,3.0126,26.9744,0.2398,24.46,3.9632,0.6388,327.844,21.253,1017.919,214.433,16.67,247
2004,9,Karnataka,1135.0,1220.0,29.6478,32.2,3.7876,27.7023,0.9082,24.04,3.2636,0.9323,126.956,18.608,361.243,137.279,14.64,117
2004,9,Kerala,4786.0,5487.0,81.683,32.405,3.9893,27.5323,0.1395,23.545,5.571,0.8321,175.481,44.558,431.054,104.639,16.12,247
2004,10,Karnataka,1176.0,1253.0,41.2238,33.82,2.6357,29.9516,0.1997,27.935,4.422,0.4196,109.809,0.17,278.038,132.104,9.9,117
2004,10,Kerala,5429.0,5534.0,36.7761,34.98,0.9848,29.6555,0.1404,27.085,2.1211,0.4605,270.829,73.203,545.229,373.074,17.1,247
2004,11,Karnataka,1182.0,1245.0,43.5196,34.7,2.6212,30.063,0.1868,26.705,4.5981,0.5555,38.319,0.0,143.748,45.953,4.68,117
2004,11,Kerala,5419.0,5525.0,37.7148,34.245,0.5844,29.7941,0.1448,26.205,1.5793,0.4303,113.463,11.099,401.136,103.147,9.85,247
2004,12,Karnataka,1182.0,1208.0,12.4039,30.31,2.0661,28.5162,0.2094,25.075,2.5584,0.4489,0.27,0.0,19.26,6.01,0.08,117
2004,12,Kerala,5475.0,5518.0,23.0803,33.61,0.588,28.9361,0.1811,24.64,1.4568,0.3403,2.191,0.0,21.114,15.16,0.44,247
2005,1,Karnataka,1173.0,1204.0,30.7284,30.345,2.3463,28.5337,0.2003,26.85,3.8202,0.3353,3.976,0.0,42.634,26.0,0.64,117
2005,1,Kerala,5452.0,5517.0,27.824,35.63,0.4679,28.78,0.139,26.365,1.2774,0.4245,16.933,0.0,68.82,61.553,2.45,247
2005,2,Karnataka,1184.0,1189.0,21.6347,36.485,1.6326,28.7035,0.1616,25.775,2.4811,0.3402,0.581,0.0,12.291,12.291,0.11,117
2005,2,Kerala,5468.0,5497.0,16.698,36.485,0.4575,29.0526,0.1387,28.4,1.2166,0.4194,6.262,0.0,33.511,25.477,1.25,247
2005,3,Karnataka,1172.0,1184.0,10.8153,33.175,1.3015,29.0322,0.1466,28.35,1.8491,0.2597,1.948,0.0,51.631,23.173,0.32,117
2005,3,Kerala,5439.0,5481.0,11.6304,36.63,0.3878,29.5238,0.0943,28.87,0.9207,0.3507,21.917,0.0,88.965,47.645,2.92,247
2005,4,Karnataka,1165.0,1211.0,8.5791,38.325,1.023,30.9574,0.1491,29.935,1.5452,0.7852,83.702,2.489,231.987,75.93,9.61,117
2005,4,Kerala,5457.0,5517.0,15.1247,36.8,0.4617,31.2739,0.0875,30.26,1.0664,0.4329,163.086,43.5,355.097,124.007,13.78,247
2005,5,Karnataka,974.0,1198.0,13.9637,37.225,1.4833,30.3761,0.122,28.685,2.2196,0.7636,56.739,3.72,217.368,77.095,6.0,117
2005,5,Kerala,3698.0,5498.0,12.7306,37.17,0.5785,30.1369,0.0665,28.45,1.5227,0.4072,109.746,32.932,236.4,106.986,10.02,247
2005,6,Karnataka,329.0,1053.0,2.7148,34.78,0.466,28.8613,0.0741,25.695,0.4829,0.6959,489.567,13.699,1490.657,297.245,18.34,117
2005,6,Kerala,4625.0,5453.0,63.9793,33.51,1.4306,28.9119,0.0741,25.445,2.9914,0.985,358.295,19.804,1254.618,154.542,21.2,247
2005,7,Karnataka,630.0,930.0,14.8011,29.58,2.2004,27.4764,0.2338,23.925,2.9565,0.7148,867.143,29.144,2382.631,277.499,26.5,117
2005,7,Kerala,4247.0,5295.0,45.5877,33.245,2.1626,27.3258,0.2057,23.925,3.0466,0.7809,517.596,0.0,2382.631,250.374,25.66,247
2005,8,Karnataka,650.0,1211.0,43.3993,30.265,5.3889,26.8983,0.587,24.88,5.0928,0.6811,518.24,70.8,1510.628,206.913,23.45,117
2005,8,Kerala,4488.0,5507.0,46.5783,32.17,2.4589,27.7908,0.1435,24.795,3.5537,0.8113,236.121,13.0,1247.201,161.785,17.71,247
2005,9,Karnataka,1151.0,1232.0,38.1962,31.03,2.6816,27.9913,0.3393,26.09,2.9657,0.5893,309.936,17.201,1579.801,270.417,18.51,117
2005,9,Kerala,5119.0,5521.0,60.1948,32.795,2.6034,28.0387,0.2056,25.74,4.3498,0.5852,237.029,17.638,903.282,99.59,16.58,247
2005,10,Karnataka,1143.0,1260.0,20.1452,32.205,2.2428,28.5612,0.1913,27.155,2.8416,0.5933,188.222,23.816,466.297,134.97,14.36,117
2005,10,Kerala,5085.0,5521.0,57.9362,35.515,1.8821,28.7725,0.1776,27.33,3.8471,0.4085,255.747,99.841,473.356,104.387,19.25,247
2005,11,Karnataka,1179.0,1252.0,22.1776,36.065,2.4703,29.3559,0.2885,27.44,3.1732,0.5398,33.087,0.0,196.936,63.126,4.08,117
2005,11,Kerala,5430.0,5538.0,24.8163,32.915,0.9825,29.1368,0.1571,27.7,1.9693,0.3397,176.609,34.062,362.578,140.882,13.6,247
2005,12,Karnataka,1182.0,1223.0,59.7742,34.16,2.8539,28.7489,0.2563,25.45,4.4167,0.4895,2.003,0.0,46.426,25.401,0.53,117
2005,12,Kerala,5466.0,5541.0,67.0355,32.905,0.6035,28.7058,0.183,25.5,2.0146,0.3799,48.901,0.0,175.406,79.4,5.35,247
2006,1,Karnataka,1182.0,1215.0,8.535,33.495,1.2672,28.6055,0.2552,26.215,1.7083,0.3345,0.898,0.0,21.675,21.675,0.14,117
2006,1,Kerala,5471.0,5514.0,50.0374,33.935,0.4987,28.5604,0.2126,25.83,1.3947,0.3665,8.56,0.0,71.262,38.814,1.27,247
2006,2,Karnataka,1185.0,1189.0,61.4083,29.325,1.3121,28.8811,0.2293,27.425,3.0671,0.2366,0.001,0.0,0.119,0.119,0.0,117
2006,2,Kerala,5466.0,5488.0,23.0843,34.95,0.4874,28.9456,0.2016,27.48,1.1427,0.3188,0.45,0.0,28.2,28.2,0.04,247
2006,3,Karnataka,1176.0,1186.0,57.7636,30.43,1.2031,29.4954,0.1414,28.635,2.8944,0.277,18.35,0.0,119.784,58.549,2.0,117
2006,3,Kerala,5452.0,5500.0,9.9078,36.265,0.4486,29.5633,0.1041,28.92,1.0619,0.4315,66.751,0.735,278.426,97.338,6.17,247
2006,4,Karnataka,81.0,1194.0,0.7144,35.545,0.3382,29.4549,0.136,28.875,0.1492,0.3793,16.86,0.0,118.252,73.888,2.01,117
2006,4,Kerala,3361.0,5500.0,5.4473,36.71,0.3023,29.62,0.0761,28.27,0.4959,0.3984,58.966,0.126,204.925,111.952,6.62,247
2006,5,Karnataka,628.0,1196.0,21.4819,39.565,1.4305,29.2966,0.1325,27.845,2.4092,0.597,281.375,29.424,1084.476,325.09,10.92,117
2006,5,Kerala,2151.0,5501.0,7.1036,34.965,0.732,29.4969,0.105,28.385,1.0022,0.4248,399.654,51.249,1084.476,325.09,14.57,247
2006,6,Karnataka,1095.0,1193.0,7.5794,31.43,0.9022,29.5359,0.1245,27.95,1.1318,0.5317,530.943,21.567,1809.233,203.02,20.17,117
2006,6,Kerala,5229.0,5500.0,31.3098,34.655,0.9787,29.5282,0.096,27.445,2.2118,0.5592,398.838,11.826,1209.095,231.911,16.5,247
2006,7,Karnataka,,1162.0,,30.59,,27.1925,,23.975,,0.5892,770.476,4.136,3941.447,372.661,26.66,117
2006,7,Kerala,1178.0,5466.0,30.6767,30.845,4.2922,27.4528,0.1381,24.565,4.796,0.6457,437.269,0.0,1701.191,209.067,21.79,247
2006,8,Karnataka,33.0,1137.0,6.5449,30.27,2.2481,27.3311,0.6503,25.565,1.5788,0.5568,568.753,8.21,1869.743,216.669,21.9,117
2006,8,Kerala,3613.0,5494.0,41.309,32.77,2.2581,28.1196,0.2207,25.51,3.628,0.5427,301.541,2.58,1083.168,145.911,16.58,247
2006,9,Karnataka,878.0,1250.0,22.2767,32.06,3.7531,28.0691,0.4445,26.045,2.8098,0.5294,282.265,14.696,898.668,145.046,16.92,117
2006,9,Kerala,4029.0,5507.0,40.5761,31.97,2.1001,28.3053,0.1222,25.99,2.9887,0.4434,334.281,14.696,760.552,147.994,17.86,247
2006,10,Karnataka,1169.0,1268.0,12.6925,32.61,1.4557,29.6643,0.2091,27.485,1.8292,0.3653,133.196,5.5,559.283,138.758,11.15,117
2006,10,Kerala,5429.0,5535.0,39.2797,33.36,0.9282,29.3367,0.1029,26.51,2.303,0.4439,277.354,22.505,602.058,131.967,18.8,247
2006,11,Karnataka,1179.0,1262.0,27.6815,35.255,1.8202,29.6926,0.1492,27.78,3.445,0.5409,92.678,4.544,289.012,119.593,8.18,117
2006,11,Kerala,5428.0,5536.0,27.6815,33.14,0.4962,29.5554,0.0899,27.305,1.3693,0.3634,189.357,11.587,469.142,122.01,14.82,247
2006,12,Karnataka,1182.0,1225.0,14.26,31.695,1.373,28.6238,0.14,24.845,2.0822,0.4772,0.194,0.0,3.48,3.48,0.08,117
2006,12,Kerala,5475.0,5514.0,25.105,33.32,0.4689,29.0079,0.1277,27.73,1.1839,0.3382,3.681,0.0,55.953,42.021,0.56,247
2007,1,Karnataka,1179.0,1204.0,11.6222,29.035,1.5313,28.4888,0.1573,25.595,2.1563,0.3361,0.006,0.0,0.271,0.271,0.0,117
2007,1,Kerala,5467.0,5492.0,51.4532,34.08,0.4255,28.4353,0.1223,27.43,1.3929,0.2834,2.223,0.0,34.722,23.92,0.43,247
2007,2,Karnataka,1177.0,1200.0,45.2431,36.455,1.4424,28.67,0.1346,27.03,2.7545,0.3402,0.019,0.0,1.175,1.175,0.01,117
2007,2,Kerala,5468.0,5490.0,22.8679,35.065,0.3803,28.5021,0.1248,28.005,0.9488,0.3042,4.069,0.0,50.277,44.636,0.58,247
2007,3,Karnataka,1026.0,1188.0,10.6693,30.54,1.2486,29.3144,0.1012,27.84,1.7928,0.2426,1.068,0.0,28.5,28.5,0.16,117
2007,3,Kerala,4841.0,5487.0,4.7187,38.23,0.2481,29.3504,0.0954,28.59,0.405,0.3444,4.658,0.0,103.685,68.842,0.57,247
2007,4,Karnataka,264.0,1193.0,2.5812,35.05,0.3066,30.065,0.118,29.515,0.3117,0.42,35.661,1.946,130.885,52.627,5.66,117
2007,4,Kerala,5114.0,5513.0,5.9356,36.85,0.2661,30.3379,0.0892,29.66,0.5304,0.4273,89.826,3.643,353.257,119.899,8.89,247
2007,5,Karnataka,1170.0,1188.0,8.2758,37.47,0.9913,30.9066,0.136,29.37,1.4869,0.5371,71.79,8.527,182.568,73.907,7.09,117
2007,5,Kerala,5434.0,5515.0,13.272,36.45,0.5255,30.4906,0.0828,28.93,1.0874,0.4811,138.19,17.215,451.175,153.022,10.38,247
2007,6,Karnataka,957.0,1180.0,7.5583,35.83,0.768,30.5259,0.106,27.54,1.1503,0.4102,620.879,91.831,1619.882,268.279,19.89,117
2007,6,Kerala,5084.0,5511.0,54.8711,33.98,0.5573,29.9709,0.106,26.715,1.7136,0.6345,492.69,27.214,1356.838,354.783,20.08,247
2007,7,Karnataka,,624.0,,28.715,,27.0398,,24.45,,0.5879,723.848,42.738,2643.947,335.011,25.24,117
2007,7,Kerala,773.0,3260.0,48.7153,29.86,8.6321,27.0514,0.139,23.585,9.6219,0.5949,664.225,22.479,1903.034,250.668,24.1,247
2007,8,Karnataka,221.0,1040.0,11.8578,28.86,1.2082,27.2977,0.2987,25.88,1.3936,0.407,640.422,45.843,2075.596,550.443,22.67,117
2007,8,Kerala,2883.0,5394.0,17.7273,33.385,1.3725,27.7248,0.1325,25.38,1.8037,0.6489,386.022,23.537,1041.316,175.698,19.45,247
2007,9,Karnataka,561.0,1198.0,28.86,30.07,2.1344,28.1532,0.1876,26.905,2.8552,0.3948,412.568,56.048,1422.431,137.591,22.09,117
2007,9,Kerala,4133.0,5412.0,83.9957,32.085,1.9825,28.1838,0.1261,26.455,4.5579,0.4416,371.678,7.22,1022.855,136.088,21.58,247
2007,10,Karnataka,940.0,1243.0,27.7519,33.33,1.552,29.5495,0.1551,27.64,2.2031,0.5302,170.791,23.03,383.514,85.992,13.11,117
2007,10,Kerala,3692.0,5508.0,42.0094,32.715,0.8364,28.8892,0.0965,27.635,1.4986,0.484,287.687,40.381,619.216,114.198,18.32,247
2007,11,Karnataka,1182.0,1264.0,26.9144,33.245,1.4211,29.0773,0.2348,25.82,2.0534,0.4824,29.442,0.598,107.885,70.98,3.09,117
2007,11,Kerala,5451.0,5543.0,18.5378,32.77,0.4747,29.0961,0.1113,27.515,0.9539,0.3094,71.352,8.708,232.3,119.456,6.31,247
2007,12,Karnataka,1181.0,1223.0,9.5994,34.52,1.2907,28.8985,0.2095,25.23,1.7075,0.5083,3.175,0.0,22.255,19.675,0.52,117
2007,12,Kerala,5473.0,5509.0,74.3007,33.24,0.4934,28.9182,0.1803,24.15,1.7605,0.3089,48.793,0.0,301.871,111.344,2.49,247
2008,1,Karnataka,1188.0,1208.0,78.2197,28.995,1.391,28.5261,0.2466,26.445,3.5267,0.2898,0.172,0.0,12.336,12.336,0.02,117
2008,1,Kerala,5476.0,5501.0,71.2757,33.74,0.4945,28.6752,0.1719,27.975,1.6784,0.315,1.564,0.0,17.834,16.051,0.39,247
2008,2,Karnataka,1174.0,1200.0,25.1659,30.11,1.1649,27.94,0.1754,26.04,1.6292,0.3,21.441,0.0,94.418,73.23,2.19,117
2008,2,Kerala,5300.0,5487.0,5.1441,34.27,0.3986,28.4477,0.1133,27.535,0.6607,0.4783,36.822,0.0,224.458,82.556,3.61,247
2008,3,Karnataka,1163.0,1198.0,12.2195,31.765,0.7566,29.3553,0.1903,28.765,1.0634,0.3076,153.032,24.813,307.274,131.654,9.64,117
2008,3,Kerala,5427.0,5508.0,11.0594,36.29,0.3285,29.4479,0.0989,28.235,0.5886,0.4638,192.821,31.144,353.471,131.654,12.59,247
2008,4,Karnataka,1152.0,1216.0,5.4695,36.565,0.7793,29.8155,0.1328,29.305,1.0638,0.6017,33.179,0.706,164.744,80.901,4.68,117
2008,4,Kerala,5312.0,5507.0,7.6671,36.37,0.2929,29.6319,0.0879,28.51,0.4972,0.3779,79.183,7.132,282.8,97.778,9.1,247
2008,5,Karnataka,1084.0,1200.0,6.7507,34.465,0.8674,29.6856,0.1078,28.56,1.0821,0.4495,62.081,11.685,164.642,59.153,6.35,117
2008,5,Kerala,3934.0,5511.0,17.9508,36.245,0.4601,29.4433,0.1104,27.1,0.7579,0.486,86.601,11.8,248.028,166.802,10.09,247
2008,6,Karnataka,596.0,1027.0,4.3228,34.04,0.754,30.1616,0.1879,25.825,0.7311,0.9508,539.869,7.073,1749.675,418.943,22.5,117
2008,6,Kerala,295.0,4620.0,1.5135,34.04,0.4207,28.8561,0.1553,23.97,0.3026,0.6854,343.118,16.378,1666.527,154.794,21.36,247
2008,7,Karnataka,,1140.0,,30.29,,27.6491,,24.895,,0.4985,505.727,19.45,1499.308,205.215,22.78,117
2008,7,Kerala,630.0,5252.0,70.8929,32.475,8.6166,27.752,0.2127,23.875,12.0589,0.6305,399.991,23.593,1297.41,177.842,20.77,247
2008,8,Karnataka,536.0,1193.0,13.5741,32.795,3.8605,26.7859,0.4322,25.1,2.2423,0.8061,621.327,47.442,1994.725,251.193,21.02,117
2008,8,Kerala,2836.0,5502.0,54.4416,32.765,2.8722,27.4576,0.1279,25.1,4.3678,0.7256,302.668,52.775,1080.157,186.664,18.86,247
2008,9,Karnataka,1139.0,1239.0,76.5754,31.565,3.3065,28.9325,0.2188,27.645,5.3788,0.3823,248.164,43.636,792.783,181.21,15.97,117
2008,9,Kerala,5355.0,5516.0,76.5754,32.485,1.357,28.7033,0.1329,27.03,3.5287,0.3976,243.867,8.941,618.154,161.851,13.66,247
2008,10,Karnataka,1161.0,1262.0,22.2314,33.18,1.9617,29.8319,0.2265,27.455,2.788,0.4971,110.75,2.145,407.149,170.713,11.43,117
2008,10,Kerala,5419.0,5534.0,52.6902,34.23,0.9175,29.8196,0.1133,27.63,2.6245,0.4215,286.056,78.313,585.432,214.271,17.77,247
2008,11,Karnataka,1162.0,1238.0,16.8196,32.86,1.776,29.6151,0.1777,27.365,2.9156,0.4197,23.235,0.159,110.586,68.447,2.68,117
2008,11,Kerala,4440.0,5532.0,6.6564,32.64,0.3236,29.4011,0.0454,26.815,0.5061,0.3407,51.119,0.0,232.845,55.847,6.6,247
2008,12,Karnataka,1180.0,1233.0,12.0444,33.31,1.3668,29.2168,0.1669,26.315,1.8522,0.3448,5.082,0.0,86.62,86.62,0.44,117
2008,12,Kerala,5459.0,5523.0,51.6116,33.9,0.3886,29.0134,0.137,25.73,1.4209,0.3401,14.73,0.0,79.942,47.102,2.22,247
2009,1,Karnataka,1187.0,1212.0,83.0454,29.425,1.2786,28.5947,0.2239,25.71,3.6808,0.2322,0.368,0.0,14.122,14.122,0.05,117
2009,1,Kerala,5473.0,5498.0,41.6916,35.77,0.4417,28.5553,0.1463,27.795,1.2926,0.2904,1.836,0.0,18.495,16.119,0.45,247
2009,2,Karnataka,1166.0,1190.0,8.1583,29.86,0.8622,28.8463,0.1993,27.095,1.0702,0.2345,0.0,0.0,0.0,0.0,0.0,117
2009,2,Kerala,5398.0,5481.0,4.5563,34.01,0.2937,28.9053,0.1314,27.825,0.4036,0.2865,0.642,0.0,20.323,20.323,0.07,247
2009,3,Karnataka,1159.0,1205.0,21.8905,36.8,0.6128,30.0408,0.1483,29.285,1.1891,0.5328,39.063,0.97,168.725,58.146,5.06,117
2009,3,Kerala,5400.0,5514.0,6.147,35.97,0.2586,30.1125,0.0828,29.085,0.3628,0.4429,56.986,0.0,176.571,60.732,6.62,247
2009,4,Karnataka,131.0,1191.0,0.7008,35.785,0.2728,29.9564,0.209,28.64,0.1071,0.3339,31.552,0.0,192.031,70.154,3.89,117
2009,4,Kerala,3198.0,5505.0,3.4311,35.61,0.2152,30.2372,0.1204,28.365,0.1516,0.4245,56.638,2.003,192.031,70.154,7.36,247
2009,5,Karnataka,454.0,,4.825,,0.5898,,0.1165,,0.5287,,106.667,0.0,226.451,81.861,9.01,117
2009,5,Kerala,3334.0,,10.4479,,0.7199,,0.1165,,1.2743,,146.41,28.141,387.5,89.777,13.43,247
2009,6,Karnataka,945.0,1181.0,7.4542,33.17,0.7733,29.9825,0.1169,28.445,0.89,0.3928,274.544,19.0,1041.825,178.005,17.19,117
2009,6,Kerala,5071.0,5506.0,13.3079,34.855,0.6389,29.3495,0.0737,26.675,0.91,0.6604,289.655,15.243,1041.825,165.417,18.42,247
2009,7,Karnataka,,1186.0,,30.075,,27.1125,,24.46,,0.5001,1157.651,44.761,3776.061,272.757,27.14,117
2009,7,Kerala,1483.0,5308.0,53.5128,30.89,5.5694,27.3593,0.2629,24.46,8.2649,0.4948,679.85,36.29,2168.38,262.389,24.24,247
2009,8,Karnataka,98.0,1196.0,9.1347,29.745,2.899,27.1056,0.532,25.425,1.8195,0.4086,318.644,47.011,1085.385,130.615,22.14,117
2009,8,Kerala,3107.0,5505.0,66.5693,30.43,2.1735,27.5329,0.1678,25.44,3.444,0.514,211.438,47.825,755.279,106.48,19.84,247
2009,9,Karnataka,719.0,1240.0,13.7943,31.915,1.791,27.6944,0.4661,26.6,1.2982,0.5218,389.748,92.603,1015.631,201.478,21.02,117
2009,9,Kerala,4497.0,5523.0,81.805,36.21,2.3154,28.1661,0.1916,26.02,5.1718,0.635,275.948,52.439,776.351,110.315,18.9,247
2009,10,Karnataka,1060.0,1255.0,14.2144,33.95,2.5803,29.5393,0.6155,27.68,1.9876,0.5056,193.467,21.625,612.707,202.696,9.9,117
2009,10,Kerala,5219.0,5521.0,49.088,35.155,2.4453,29.3729,0.1825,26.665,3.1056,0.5149,159.984,19.478,560.705,221.076,9.99,247
2009,11,Karnataka,1175.0,1261.0,39.2365,34.245,2.3864,29.8482,0.3114,26.58,3.2993,0.5499,107.895,9.679,371.322,168.86,9.42,117
2009,11,Kerala,5453.0,5536.0,24.7045,34.215,1.133,29.8074,0.1207,26.73,1.9167,0.3223,243.251,12.66,839.596,243.079,12.94,247
2009,12,Karnataka,1182.0,1252.0,11.1444,33.13,1.8191,29.5002,0.2273,26.435,2.4471,0.4987,41.683,0.0,150.838,125.077,3.67,117
2009,12,Kerala,5454.0,5541.0,59.0386,36.31,0.839,29.6152,0.1312,27.385,2.101,0.3514,44.475,0.0,135.86,81.349,4.99,247
2010,1,Karnataka,1181.0,1235.0,81.3712,33.33,1.4397,29.2225,0.2041,26.135,3.9347,0.4272,15.125,0.0,76.111,60.229,1.98,117
2010,1,Kerala,5453.0,5528.0,29.0307,33.765,0.3943,29.1222,0.1562,25.895,0.9746,0.3548,14.998,0.0,126.555,114.972,1.7,247
2010,2,Karnataka,1176.0,1208.0,84.98,32.13,1.1263,29.1161,0.1736,27.155,3.7794,0.3004,1.545,0.0,26.768,25.031,0.24,117
2010,2,Kerala,5401.0,5498.0,55.3004,37.19,0.362,29.438,0.1113,26.88,1.2897,0.4309,1.01,0.0,20.198,18.243,0.22,247
2010,3,Karnataka,1137.0,1197.0,6.4433,32.805,0.7239,29.8437,0.1386,28.99,0.9914,0.2628,6.309,0.0,54.386,36.376,1.0,117
2010,3,Kerala,5333.0,5490.0,5.7906,38.375,0.27,30.2921,0.1121,29.36,0.4899,0.335,22.827,0.0,127.642,101.17,2.42,247
2010,4,Karnataka,613.0,1211.0,10.0311,38.605,0.9213,30.6754,0.136,29.925,1.3663,0.6074,72.773,2.848,296.4,200.0,8.32,117
2010,4,Kerala,4820.0,5506.0,10.5885,38.2,0.3102,30.8126,0.0621,29.55,0.5915,0.4953,113.818,6.606,329.4,87.827,11.79,247
2010,5,Karnataka,1076.0,1214.0,5.965,38.63,0.7721,30.8201,0.1162,28.55,0.8733,0.5777,92.046,10.335,180.407,76.324,9.38,117
2010,5,Kerala,4877.0,5519.0,6.6414,35.435,0.317,30.9694,0.0709,29.41,0.5684,0.3767,150.302,27.06,373.169,96.158,13.18,247
2010,6,Karnataka,107.0,1202.0,8.2732,38.685,3.8929,30.2458,0.2695,27.575,2.3065,0.616,433.805,33.827,1113.69,205.509,18.72,117
2010,6,Kerala,1975.0,5497.0,44.8171,34.38,1.6803,29.3691,0.1031,25.85,3.6341,0.7409,433.686,13.01,1051.802,195.888,20.38,247
2010,7,Karnataka,117.0,,8.7783,,1.9248,,0.4471,,1.7765,,728.856,55.563,2117.469,238.835,25.18,117
2010,7,Kerala,2661.0,,28.9217,,2.143,,0.0986,,2.9366,,455.551,8.276,1209.49,153.502,24.0,247
2010,8,Karnataka,73.0,1199.0,8.1731,29.035,4.123,27.2295,0.9769,23.87,1.4905,0.5307,473.682,105.887,1653.562,166.709,25.02,117
2010,8,Kerala,3577.0,5500.0,86.281,31.455,7.3097,27.4972,0.2184,23.87,12.5719,0.6692,289.693,34.408,911.794,109.244,20.78,247
2010,9,Karnataka,1157.0,1255.0,28.4559,31.845,3.4195,28.8569,0.5252,26.905,3.0282,0.7392,337.067,43.016,1087.916,334.905,20.12,117
2010,9,Kerala,5358.0,5509.0,66.9068,33.625,2.4774,28.0778,0.1475,25.06,3.2405,0.6225,213.605,23.482,471.761,165.816,17.44,247
2010,10,Karnataka,1160.0,1261.0,27.3104,31.715,2.1156,29.3053,0.3106,27.025,2.6283,0.3691,252.559,56.65,823.131,484.735,16.59,117
2010,10,Kerala,5320.0,5543.0,79.267,33.08,1.415,28.6897,0.1641,26.7,3.6228,0.5083,323.807,89.35,722.1,160.4,19.46,247
2010,11,Karnataka,1176.0,1282.0,44.0175,34.075,1.6791,29.6159,0.2715,27.025,2.5535,0.4168,227.404,83.874,472.059,254.399,16.16,117
2010,11,Kerala,5411.0,5545.0,20.3353,32.48,0.7489,29.2102,0.1756,27.55,1.3522,0.3408,305.87,105.804,593.811,180.0,19.4,247
2010,12,Karnataka,1180.0,1262.0,16.6653,31.58,1.2081,28.6715,0.2403,25.92,1.621,0.4014,5.972,0.0,39.456,28.861,1.07,117
2010,12,Kerala,5452.0,5539.0,7.598,32.01,0.5583,28.8262,0.1996,25.4,0.8175,0.3128,41.681,0.0,313.351,143.571,4.04,247
2011,1,Karnataka,1182.0,1230.0,73.45,32.25,1.1001,28.1659,0.2604,26.36,2.536,0.3875,0.029,0.0,0.28,0.28,0.0,117
2011,1,Kerala,5458.0,5520.0,49.2759,33.39,0.4929,28.4504,0.1846,25.385,1.6332,0.369,12.893,0.0,89.6,28.4,1.51,247
2011,2,Karnataka,1177.0,1200.0,39.6407,34.415,1.0989,28.4079,0.2046,26.585,2.0669,0.3717,2.525,0.0,15.324,13.763,0.52,117
2011,2,Kerala,5464.0,5487.0,58.6976,33.46,0.4676,28.8715,0.1287,28.275,1.7618,0.3391,43.079,0.0,171.8,58.4,3.42,247
2011,3,Karnataka,1162.0,1198.0,8.3056,34.035,0.7453,29.4227,0.2005,27.935,1.1611,0.4097,2.787,0.0,16.39,12.935,0.81,117
2011,3,Kerala,5356.0,5495.0,7.038,36.015,0.3389,29.7414,0.1481,27.725,0.5341,0.3424,26.025,0.0,121.0,56.696,2.42,247
2011,4,Karnataka,691.0,1199.0,6.3623,35.645,0.6874,30.0496,0.1142,29.205,0.9526,0.5188,70.691,19.111,129.593,47.86,7.65,117
2011,4,Kerala,4833.0,5511.0,4.1536,38.19,0.2816,30.4482,0.0787,28.845,0.2858,0.4868,121.529,60.209,204.0,84.524,11.79,247
2011,5,Karnataka,583.0,1204.0,4.9569,35.315,0.606,29.8069,0.1327,28.655,0.4814,0.6032,57.56,1.167,150.562,51.924,7.51,117
2011,5,Kerala,3773.0,5501.0,21.9831,35.8,0.641,29.9976,0.0875,27.895,1.6869,0.5062,101.313,20.984,237.43,77.433,10.24,247
2011,6,Karnataka,47.0,1153.0,7.0636,30.835,1.0248,28.5555,0.2265,25.9,1.5347,0.6752,672.092,58.86,1864.93,170.183,25.65,117
2011,6,Kerala,1849.0,5468.0,17.9036,33.36,1.1081,28.627,0.1032,24.59,1.6202,0.7353,498.401,25.514,961.953,119.624,24.61,247
2011,7,Karnataka,53.0,966.0,1.7619,29.47,0.6194,27.8585,0.2304,23.615,0.4499,0.5932,823.814,64.063,2275.164,332.58,27.57,117
2011,7,Kerala,1837.0,4827.0,45.3607,31.12,2.6707,27.6785,0.1941,24.88,4.3649,0.6682,393.936,34.415,1099.664,103.491,24.0,247
2011,8,Karnataka,,774.0,,28.44,,26.739,,24.585,,0.7075,683.916,67.385,2030.211,153.385,27.19,117
2011,8,Kerala,1044.0,5003.0,25.0057,31.72,1.4721,27.3599,0.1638,24.84,2.1565,0.6434,366.38,56.084,881.548,87.95,23.91,247
2011,9,Karnataka,1154.0,1238.0,38.2725,31.55,3.2802,28.5789,0.4571,26.175,4.276,0.6548,400.272,36.102,1185.674,182.713,19.25,117
2011,9,Kerala,5190.0,5511.0,39.4821,32.65,2.0658,28.3011,0.143,26.155,3.5254,0.6421,277.495,31.872,528.892,106.036,17.86,247
2011,10,Karnataka,1161.0,1257.0,51.0176,33.515,3.5769,29.2273,0.4298,27.735,4.372,0.652,146.033,40.272,243.362,75.987,15.8,117
2011,10,Kerala,5445.0,5530.0,78.783,33.435,2.9191,29.6306,0.1096,27.735,4.698,0.5401,157.426,94.289,221.957,58.322,14.35,247
2011,11,Karnataka,1176.0,1266.0,38.7701,33.32,2.5552,29.7013,0.1556,26.335,4.6425,0.4957,64.983,4.299,165.784,73.526,7.06,117
2011,11,Kerala,5443.0,5547.0,25.079,33.685,0.5494,29.5921,0.0841,27.18,1.4258,0.2799,155.546,63.388,344.602,193.152,10.01,247
2011,12,Karnataka,1178.0,1244.0,9.3572,33.7,1.6015,28.999,0.1625,25.705,2.0728,0.5137,0.12,0.0,1.691,1.691,0.06,117
2011,12,Kerala,5437.0,5527.0,75.4812,33.745,0.4101,29.2367,0.0898,27.8,1.8867,0.3007,47.965,0.105,197.215,106.0,2.25,247
2012,1,Karnataka,1177.0,1218.0,9.671,32.815,1.4243,28.2873,0.1575,26.175,1.9574,0.3092,0.0,0.0,0.0,0.0,0.0,117
2012,1,Kerala,5456.0,5510.0,48.2801,33.61,0.4304,28.5241,0.1243,25.78,1.4168,0.3175,5.502,0.0,23.665,23.18,0.44,247
2012,2,Karnataka,1175.0,1195.0,60.7001,31.935,1.3825,28.8619,0.1719,27.34,3.0467,0.3086,0.052,0.0,1.877,1.877,0.01,117
2012,2,Kerala,5449.0,5490.0,27.3716,33.94,0.3922,28.9821,0.1332,28.23,1.0258,0.3441,7.417,0.0,30.14,27.034,0.97,247
2012,3,Karnataka,940.0,1189.0,28.8889,32.52,0.7264,28.6611,0.1255,27.57,1.7633,0.2854,1.051,0.0,2.6,2.6,0.42,117
2012,3,Kerala,2943.0,5494.0,2.8459,35.975,0.1878,29.0211,0.0928,28.26,0.1576,0.3636,19.031,0.0,94.467,61.326,2.61,247
2012,4,Karnataka,728.0,1204.0,3.1489,36.585,0.2927,30.2336,0.1039,29.155,0.4169,0.5722,58.244,8.794,248.344,121.409,5.03,117
2012,4,Kerala,4410.0,5501.0,6.042,37.065,0.2188,30.2483,0.0511,29.32,0.4265,0.418,117.339,15.2,315.0,94.8,10.83,247
2012,5,Karnataka,168.0,1208.0,1.4771,35.95,0.2497,29.0253,0.0994,28.245,0.1721,0.6258,34.563,0.0,69.7,64.8,2.39,117
2012,5,Kerala,2308.0,5507.0,0.6919,34.86,0.172,29.0934,0.0863,27.445,0.0901,0.3983,80.513,32.187,286.204,141.913,6.33,247
2012,6,Karnataka,710.0,1164.0,8.419,32.155,0.488,28.6366,0.2199,26.915,0.6886,0.8308,603.701,3.41,1009.048,152.2,21.02,117
2012,6,Kerala,2581.0,5232.0,14.8136,32.415,0.8349,28.6996,0.1079,25.79,1.3352,0.7735,443.759,10.967,746.2,87.96,24.08,247
2012,7,Karnataka,145.0,1061.0,5.734,28.815,1.665,27.4768,0.2592,24.675,1.0794,0.3783,554.181,42.262,2013.579,170.92,26.67,117
2012,7,Kerala,2773.0,5445.0,59.7585,31.785,1.5785,27.9572,0.1608,23.225,3.8804,0.5667,264.417,20.69,570.216,81.35,21.5,247
2012,8,Karnataka,452.0,1193.0,33.0646,30.585,1.9442,27.7269,0.3779,25.755,3.0156,0.6904,780.401,61.994,2214.137,216.571,26.48,117
2012,8,Kerala,3331.0,5481.0,33.0646,32.375,1.6197,27.7869,0.1146,25.65,2.6478,0.4939,347.378,40.151,1025.592,125.642,21.36,247
2012,9,Karnataka,900.0,1250.0,16.5129,33.395,2.1293,28.7414,0.3394,27.03,2.4604,0.5955,332.541,40.954,1088.035,136.072,18.05,117
2012,9,Kerala,4219.0,5522.0,37.2274,36.33,0.9129,28.5898,0.0967,27.225,1.8793,0.398,182.637,23.612,446.673,107.607,16.07,247
2012,10,Karnataka,1158.0,1252.0,10.3998,32.425,1.0544,30.0778,0.2109,28.91,1.5783,0.3502,106.968,9.5,259.391,78.568,8.05,117
2012,10,Kerala,5410.0,5521.0,25.3912,36.195,0.6957,29.7041,0.0834,28.63,1.5986,0.4045,147.864,79.462,244.2,71.454,12.49,247
2012,11,Karnataka,1172.0,1246.0,15.7969,33.055,1.3274,29.3053,0.1686,27.14,2.1388,0.4083,80.678,10.382,160.56,79.093,5.69,117
2012,11,Kerala,5459.0,5532.0,11.3856,33.2,0.5025,30.0044,0.1124,28.805,1.1463,0.3313,88.291,39.687,182.02,77.3,6.94,247
2012,12,Karnataka,1179.0,1231.0,10.3397,33.845,1.3601,29.5427,0.1335,27.03,1.8865,0.4516,3.444,0.0,13.905,13.905,0.82,117
2012,12,Kerala,5463.0,5514.0,33.524,34.49,0.4135,29.6983,0.1004,28.75,1.2664,0.3377,6.345,0.0,45.579,13.264,1.46,247
2013,1,Karnataka,1184.0,1214.0,43.3273,30.52,1.2042,28.7969,0.208,26.795,2.3374,0.216,3.308,0.0,35.257,35.257,0.4,117
2013,1,Kerala,5451.0,5495.0,18.3349,35.405,0.4305,28.8727,0.1416,28.02,1.0134,0.3605,2.773,0.0,42.785,33.621,0.39,247
2013,2,Karnataka,1155.0,1198.0,6.5537,34.47,0.9055,29.2743,0.1811,27.7,1.1961,0.3703,16.581,0.0,56.479,46.016,2.19,117
2013,2,Kerala,5322.0,5498.0,9.3343,35.25,0.2974,29.4271,0.1142,28.695,0.5685,0.3882,32.312,0.0,106.47,85.614,2.65,247
2013,3,Karnataka,1137.0,1207.0,7.6468,36.82,0.8711,30.1168,0.2039,29.395,1.2837,0.5022,20.864,0.0,104.904,57.304,2.32,117
2013,3,Kerala,5059.0,5520.0,7.6298,37.495,0.251,30.4089,0.0906,29.605,0.3763,0.3667,39.231,0.26,133.3,57.304,4.49,247
2013,4,Karnataka,984.0,1198.0,11.7016,37.67,1.0441,29.7288,0.1487,29.1,1.464,0.6813,33.109,0.0,118.66,89.477,3.09,117
2013,4,Kerala,4056.0,5503.0,6.0108,35.57,0.4132,29.976,0.1009,29.0,0.5105,0.3785,51.747,0.102,132.883,89.477,5.4,247
2013,5,Karnataka,143.0,1191.0,5.3188,39.695,1.2056,29.5703,0.187,28.375,1.3901,0.8239,104.947,19.631,200.828,108.82,8.01,117
2013,5,Kerala,2545.0,5487.0,13.1778,36.135,0.7381,29.9697,0.1067,27.455,1.3507,0.6717,101.043,23.377,259.3,127.775,9.68,247
2013,6,Karnataka,38.0,443.0,3.5877,31.67,0.6939,28.3543,0.2857,25.345,0.705,0.8582,628.909,44.303,1652.934,186.419,23.95,117
2013,6,Kerala,970.0,3172.0,84.0389,32.48,3.7593,27.9718,0.1172,25.41,8.9499,1.0736,699.419,5.537,1614.4,233.76,23.51,247
2013,7,Karnataka,,358.0,,28.385,,26.5356,,23.47,,0.629,971.651,53.693,3201.079,313.259,28.36,117
2013,7,Kerala,1937.0,4789.0,23.2446,31.86,1.8767,27.0866,0.1691,23.47,3.073,0.8361,594.858,3.11,1741.66,231.449,25.31,247
2013,8,Karnataka,375.0,1175.0,9.4994,29.72,2.1502,26.6954,0.4411,25.17,1.4651,0.4604,417.052,21.915,1345.139,183.217,23.22,117
2013,8,Kerala,3218.0,5494.0,79.7883,34.08,2.6924,26.7625,0.1971,23.57,3.2427,0.6378,273.186,12.833,763.774,208.384,17.92,247
2013,9,Karnataka,919.0,1226.0,21.9889,30.945,2.68,27.5745,0.6703,22.31,2.3856,0.5745,264.715,78.555,613.967,122.678,19.72,117
2013,9,Kerala,4800.0,5509.0,38.4373,33.26,2.3546,28.2575,0.1307,25.98,2.7738,0.4662,248.192,27.814,659.53,106.816,18.11,247
2013,10,Karnataka,1114.0,1260.0,62.5747,32.96,2.0068,29.0847,0.2774,27.415,3.337,0.4076,151.744,32.853,402.589,169.863,14.38,117
2013,10,Kerala,5434.0,5525.0,63.6359,32.855,1.2176,29.0683,0.1188,27.235,2.9051,0.3753,214.73,58.74,576.253,269.988,15.43,247
2013,11,Karnataka,1174.0,1254.0,43.9584,33.425,2.9034,29.6182,0.1691,27.26,5.1604,0.4857,26.475,0.0,125.6,55.145,2.94,117
2013,11,Kerala,5189.0,5541.0,51.1843,33.42,0.5717,29.5807,0.1057,27.64,1.4214,0.3682,105.82,10.193,360.079,88.891,9.95,247
2013,12,Karnataka,1182.0,1229.0,12.6883,32.57,1.5166,28.6976,0.1484,26.125,1.73,0.3812,4.305,0.0,40.369,36.808,0.58,117
2013,12,Kerala,5464.0,5522.0,34.3213,33.265,0.4197,28.8198,0.1418,26.945,1.1383,0.289,17.548,0.0,81.437,60.969,2.18,247
2014,1,Karnataka,1173.0,1219.0,8.7437,31.56,1.3093,28.6645,0.1728,26.935,1.6403,0.2713,1.014,0.0,14.61,14.033,0.16,117
2014,1,Kerala,5360.0,5513.0,69.3146,33.585,0.4149,28.7922,0.1629,25.945,1.4557,0.3809,3.073,0.0,81.388,31.039,0.42,247
2014,2,Karnataka,1176.0,1195.0,50.5772,30.915,1.2267,28.7647,0.1609,28.0,2.5359,0.1758,2.903,0.0,34.132,34.132,0.47,117
2014,2,Kerala,5452.0,5485.0,38.5335,34.93,0.3746,29.0554,0.13,28.36,0.987,0.3362,7.592,0.0,56.07,36.949,1.23,247
2014,3,Karnataka,1167.0,1194.0,5.275,34.765,0.8398,29.5429,0.129,28.82,1.1452,0.4039,7.203,0.0,34.056,27.341,1.19,117
2014,3,Kerala,5419.0,5478.0,7.4803,35.42,0.2899,29.8552,0.0998,28.985,0.6074,0.3223,15.141,0.0,80.293,71.301,2.15,247
2014,4,Karnataka,721.0,1199.0,3.3482,38.785,0.3731,30.4267,0.1164,28.595,0.4101,0.6516,64.294,1.562,189.2,136.4,7.55,117
2014,4,Kerala,2690.0,5504.0,8.3323,38.575,0.2804,30.4511,0.0672,29.22,0.6021,0.5286,68.128,0.0,265.8,48.004,8.77,247
2014,5,Karnataka,1134.0,1222.0,8.2993,36.84,1.0085,30.5818,0.1433,29.93,1.3764,0.7209,166.677,77.712,332.442,174.567,10.7,117
2014,5,Kerala,4681.0,5513.0,7.1423,35.615,0.3743,30.4539,0.0931,28.535,0.6261,0.4395,204.012,69.647,395.1,174.879,12.16,247
2014,6,Karnataka,2.0,1191.0,0.1498,33.01,0.1493,29.6399,0.1488,27.92,0.0005,0.6669,292.013,18.4,763.387,154.237,15.01,117
2014,6,Kerala,1261.0,5495.0,21.1951,35.295,2.6999,28.6032,0.1224,25.42,3.7605,0.8404,299.667,7.644,692.867,154.237,17.28,247
2014,7,Karnataka,,1156.0,,31.305,,27.0182,,25.675,,0.5211,780.305,46.699,2424.464,294.962,26.2,117
2014,7,Kerala,1305.0,5343.0,58.5836,32.205,3.6242,27.4306,0.1186,25.005,4.443,0.6319,512.117,19.188,1514.709,162.96,22.8,247
2014,8,Karnataka,467.0,1100.0,84.306,29.695,3.2928,28.023,0.4115,25.285,5.4691,0.6345,675.217,79.6,2030.505,310.472,26.12,117
2014,8,Kerala,3106.0,5376.0,60.5062,33.18,1.6481,28.0547,0.1709,25.42,2.7602,0.5112,520.674,41.583,1131.443,180.2,22.23,247
2014,9,Karnataka,1160.0,1245.0,40.4585,32.965,3.2044,28.4784,0.246,25.45,3.9831,0.6802,268.418,51.416,673.431,108.284,19.78,117
2014,9,Kerala,5031.0,5515.0,40.5113,32.345,1.7887,28.3835,0.1402,26.115,3.2234,0.428,256.106,71.773,568.968,98.4,17.47,247
2014,10,Karnataka,1178.0,1258.0,16.8428,34.415,1.6347,29.9167,0.1974,27.965,2.0026,0.3988,166.001,83.499,329.627,81.75,14.07,117
2014,10,Kerala,5206.0,5526.0,13.6876,32.925,0.643,29.5554,0.1118,28.3,1.2362,0.3718,285.881,87.227,549.294,103.2,21.54,247
2014,11,Karnataka,1180.0,1242.0,64.7477,33.67,1.1311,29.659,0.1952,26.215,3.016,0.5013,30.951,2.115,135.936,72.024,2.77,117
2014,11,Kerala,4566.0,5529.0,22.9745,33.125,0.3768,29.5642,0.0979,25.91,0.8331,0.3657,73.782,1.189,229.02,78.035,7.21,247
2014,12,Karnataka,1177.0,1244.0,51.8579,32.555,1.3985,29.1868,0.1389,26.035,2.99,0.5121,25.038,0.795,75.721,64.152,3.01,117
2014,12,Kerala,5357.0,5530.0,22.0579,33.25,0.3724,29.2675,0.1065,25.795,0.899,0.3324,42.263,1.412,157.442,59.928,4.93,247
2015,1,Karnataka,1177.0,1221.0,6.2254,31.175,1.155,28.4373,0.1686,25.63,1.4829,0.3433,1.499,0.0,25.455,25.455,0.27,117
2015,1,Kerala,5453.0,5514.0,5.6754,33.065,0.3786,28.7883,0.1186,25.235,0.7008,0.3581,2.5,0.0,25.455,25.455,0.44,247
2015,2,Karnataka,1167.0,1191.0,7.7266,31.47,0.8917,29.0171,0.1567,26.85,1.3194,0.3231,0.793,0.0,11.1,10.714,0.15,117
2015,2,Kerala,5445.0,5495.0,29.527,35.215,0.355,29.2144,0.1298,28.51,0.9941,0.3522,3.383,0.0,34.589,29.746,0.51,247
2015,3,Karnataka,1081.0,1192.0,12.3907,39.9,0.6088,29.9205,0.0951,27.86,0.9838,0.4044,29.189,2.963,84.608,48.075,3.59,117
2015,3,Kerala,5278.0,5500.0,4.3732,36.715,0.2301,30.1575,0.0724,29.225,0.3801,0.4232,43.538,0.919,208.186,95.999,5.36,247
2015,4,Karnataka,1136.0,1213.0,5.9559,38.065,0.6678,30.8773,0.0925,29.455,1.025,0.6607,72.468,5.29,208.635,65.536,8.42,117
2015,4,Kerala,5366.0,5529.0,21.3458,36.125,0.218,31.1527,0.0793,29.85,0.5931,0.4671,159.488,30.317,405.013,147.623,14.08,247
2015,5,Karnataka,17.0,1220.0,0.2541,36.05,0.208,30.2828,0.1774,29.46,0.0299,0.6092,140.808,40.029,296.692,70.339,12.76,117
2015,5,Kerala,1755.0,5504.0,7.662,37.15,0.2564,30.2456,0.1058,28.815,0.4568,0.3903,195.949,100.211,384.354,111.094,15.75,247
2015,6,Karnataka,14.0,1182.0,0.7426,33.805,0.3756,28.9221,0.1585,26.195,0.2389,0.9156,536.463,65.636,1215.691,225.527,21.5,117
2015,6,Kerala,1869.0,5476.0,58.0518,32.955,0.5694,29.1463,0.0939,27.585,2.026,0.7746,442.017,6.971,1167.12,190.0,21.19,247
2015,7,Karnataka,590.0,1125.0,5.0073,31.435,1.1739,28.3635,0.2683,26.96,0.8697,0.481,447.183,15.0,1585.682,232.562,21.5,117
2015,7,Kerala,4873.0,5512.0,35.9439,33.635,1.4329,28.4404,0.1644,25.545,1.7507,0.7095,269.937,0.603,956.883,146.869,17.76,247
2015,8,Karnataka,341.0,1200.0,3.8043,31.475,1.2995,28.147,0.2676,26.615,0.7189,0.392,315.334,48.269,860.713,107.933,22.62,117
2015,8,Kerala,5240.0,5524.0,36.8154,33.935,2.139,28.5475,0.1318,24.72,2.7082,0.5505,199.743,27.753,615.119,70.681,17.59,247
2015,9,Karnataka,1117.0,1268.0,11.9954,32.555,1.7314,29.6625,0.2673,27.75,1.7514,0.4515,201.402,48.746,488.747,154.199,15.11,117
2015,9,Kerala,5312.0,5522.0,8.877,33.935,0.5955,29.6208,0.1167,27.895,0.8444,0.4731,219.706,51.789,486.744,119.537,16.17,247
2015,10,Karnataka,772.0,1259.0,26.1694,33.215,1.2424,30.2777,0.1158,28.845,2.0677,0.4131,145.667,44.761,391.67,101.838,11.16,117
2015,10,Kerala,5121.0,5530.0,12.9517,33.93,0.436,30.1936,0.1106,28.43,0.7991,0.3478,219.411,46.845,507.588,114.75,15.21,247
2015,11,Karnataka,1173.0,1256.0,6.037,33.595,0.9039,30.3016,0.1543,27.175,1.2036,0.446,92.564,2.806,221.014,87.012,7.94,117
2015,11,Kerala,5398.0,5534.0,9.0584,34.985,0.3471,30.1223,0.085,26.345,0.6353,0.4148,207.589,59.967,453.745,109.227,16.85,247
2015,12,Karnataka,1180.0,1256.0,34.7485,33.645,1.2077,29.9254,0.1631,26.975,2.013,0.4476,6.62,0.0,56.344,54.506,1.14,117
2015,12,Kerala,5469.0,5537.0,24.0894,34.02,0.3644,29.6728,0.1088,28.97,0.8847,0.318,58.444,0.0,220.401,81.831,6.46,247
2016,1,Karnataka,1183.0,1202.0,72.1287,31.52,1.3074,29.0169,0.1746,25.415,3.4363,0.3286,0.511,0.0,3.083,3.083,0.12,117
2016,1,Kerala,5462.0,5505.0,67.0742,33.245,0.3979,29.1831,0.1205,28.51,1.6625,0.3242,4.433,0.0,128.621,126.94,0.57,247
2016,2,Karnataka,1054.0,1191.0,4.9742,30.525,0.7753,28.9319,0.1444,27.95,0.7459,0.2328,0.565,0.0,8.83,8.83,0.15,117
2016,2,Kerala,5262.0,5494.0,19.2412,35.23,0.3623,29.4626,0.1222,28.07,0.6652,0.4084,11.05,0.0,146.0,68.148,1.1,247
2016,3,Karnataka,1061.0,1190.0,6.3008,35.3,0.7166,30.343,0.1634,29.525,0.8572,0.3688,2.287,0.0,33.42,33.42,0.51,117
2016,3,Kerala,5026.0,5495.0,3.681,38.335,0.3074,30.5696,0.106,29.82,0.2475,0.3965,16.339,0.0,113.3,42.791,2.01,247
2016,4,Karnataka,788.0,1199.0,4.8948,37.97,0.6726,30.8537,0.152,30.055,0.696,0.5803,11.443,0.0,89.9,71.8,1.81,117
2016,4,Kerala,4635.0,5507.0,5.4945,37.795,0.2984,31.2555,0.092,30.43,0.4434,0.4658,27.745,0.0,158.752,41.173,4.15,247
2016,5,Karnataka,868.0,1192.0,7.5882,37.67,0.8104,31.0593,0.1601,30.045,1.1216,0.4718,99.504,15.6,210.845,65.415,10.36,117
2016,5,Kerala,2558.0,5500.0,9.3786,39.69,0.4752,31.1553,0.0979,28.85,0.8181,0.4449,189.524,34.443,497.351,164.829,15.55,247
2016,6,Karnataka,89.0,723.0,0.6797,32.12,0.4199,29.8142,0.1436,28.275,0.1592,0.445,547.091,50.078,1595.433,240.868,22.36,117
2016,6,Kerala,2207.0,4231.0,12.1946,31.645,0.4987,29.4936,0.1005,24.695,0.909,0.4715,419.745,2.126,1067.0,186.065,23.32,247
2016,7,Karnataka,26.0,731.0,2.7095,27.985,1.383,26.8998,0.6688,25.55,0.6425,0.3052,487.997,54.05,1503.393,167.498,25.52,117
2016,7,Kerala,1634.0,5106.0,59.6981,30.795,3.1777,27.3906,0.1366,23.345,5.8771,0.7405,324.809,4.186,870.528,90.0,22.92,247
2016,8,Karnataka,58.0,1186.0,12.0306,30.0,3.6283,26.9957,1.0039,25.185,2.4551,0.5295,302.045,4.276,1284.937,112.427,22.67,117
2016,8,Kerala,3569.0,5485.0,36.7043,32.135,2.5797,27.5861,0.1795,24.31,4.2074,0.71,166.885,0.0,597.961,64.504,19.07,247
2016,9,Karnataka,646.0,1210.0,7.7002,31.095,2.2059,27.6014,0.3655,25.99,1.0554,0.4448,148.76,20.81,554.955,67.57,17.67,117
2016,9,Kerala,4284.0,5488.0,40.5934,33.105,4.0414,27.3269,0.1733,24.53,3.5023,0.5916,69.387,0.463,260.109,46.651,12.31,247
2016,10,Karnataka,1130.0,1251.0,18.9612,32.335,2.7742,28.6662,0.7081,26.75,1.6822,0.5551,43.564,0.151,259.474,199.195,4.02,117
2016,10,Kerala,5358.0,5520.0,25.0179,33.04,2.6963,28.6296,0.2712,26.455,1.5519,0.4652,80.537,8.0,257.748,107.0,6.22,247
2016,11,Karnataka,1177.0,1237.0,43.7845,32.54,3.8793,29.2847,0.5138,27.465,5.1197,0.4443,16.903,0.0,101.558,53.643,1.95,117
2016,11,Kerala,5074.0,5507.0,52.3042,34.23,1.3342,29.4362,0.1917,28.355,2.3957,0.2976,40.506,0.0,337.4,98.1,4.06,247
2016,12,Karnataka,1177.0,1213.0,18.1366,33.025,1.9174,28.7126,0.2677,27.6,2.6275,0.3167,15.309,0.0,68.172,49.429,2.48,117
2016,12,Kerala,5431.0,5512.0,12.3719,32.825,0.4612,28.975,0.1778,28.41,0.7135,0.2818,32.165,0.0,146.865,49.429,4.08,247
2017,1,Karnataka,1181.0,1204.0,14.1871,32.705,1.234,28.5635,0.1967,27.14,1.6505,0.3093,7.543,0.0,61.707,61.479,0.52,117
2017,1,Kerala,5462.0,5496.0,28.6162,34.06,0.4052,28.6941,0.1545,28.245,0.8974,0.2931,14.98,0.0,92.264,61.479,1.72,247
2017,2,Karnataka,1152.0,1182.0,8.8483,29.9,0.9739,28.866,0.1826,28.445,1.3344,0.1572,0.0,0.0,0.0,0.0,0.0,117
2017,2,Kerala,5420.0,5480.0,8.8483,34.84,0.3702,28.8499,0.1548,28.245,0.6241,0.3197,0.142,0.0,4.688,4.688,0.04,247
2017,3,Karnataka,1167.0,1183.0,6.8222,30.695,1.0205,29.1976,0.1279,28.76,1.3719,0.2112,6.834,0.0,43.247,20.226,1.2,117
2017,3,Kerala,5277.0,5501.0,6.2102,39.3,0.334,29.5795,0.0884,28.685,0.6549,0.4699,65.65,0.0,378.614,131.348,6.58,247
2017,4,Karnataka,1029.0,1200.0,6.4376,39.17,0.8601,29.9045,0.1425,29.16,1.1806,0.7081,33.408,0.147,144.2,122.474,4.67,117
2017,4,Kerala,578.0,5507.0,5.7814,39.22,0.741,29.6199,0.1114,28.26,1.0493,0.4254,59.97,2.648,203.6,66.754,7.59,247
2017,5,Karnataka,798.0,1186.0,7.7351,32.635,0.5088,30.6396,0.1161,29.295,0.7051,0.4051,127.886,28.008,282.378,117.004,10.56,117
2017,5,Kerala,3611.0,5489.0,5.7061,37.795,0.3263,30.6109,0.086,28.05,0.5131,0.5172,197.173,39.607,376.616,93.458,15.4,247
2017,6,Karnataka,12.0,952.0,0.631,32.325,0.2524,28.4903,0.1094,26.115,0.1762,0.5751,449.651,13.865,1269.122,222.0,21.73,117
2017,6,Kerala,2827.0,5150.0,18.881,33.255,0.9703,28.8271,0.1094,26.085,1.6272,0.577,379.749,1.833,955.795,157.962,21.0,247
2017,7,Karnataka,28.0,1161.0,4.693,30.81,1.3815,27.6998,0.5081,25.71,1.3045,0.4697,478.911,18.168,1524.868,189.513,24.68,117
2017,7,Kerala,3167.0,5477.0,46.8529,34.05,1.4906,28.0344,0.1439,25.505,2.8858,0.6374,273.748,0.728,908.303,189.513,20.51,247
2017,8,Karnataka,35.0,1195.0,1.1459,30.825,0.8829,27.878,0.5949,26.3,0.1517,0.4608,410.928,41.862,1432.464,125.042,22.03,117
2017,8,Kerala,1405.0,5443.0,59.4289,31.965,2.2738,27.581,0.1928,24.155,4.4469,0.8428,350.592,31.453,898.286,111.866,20.99,247
2017,9,Karnataka,1154.0,1216.0,19.5086,32.875,2.9529,28.8755,0.9,27.825,1.9875,0.4006,271.538,121.302,474.78,121.21,18.44,117
2017,9,Kerala,5320.0,5523.0,37.047,33.1,2.7042,28.5814,0.1303,25.83,3.8949,0.4475,368.9,97.918,780.763,221.997,20.48,247
2017,10,Karnataka,920.0,1264.0,9.2576,33.05,1.6362,30.1681,0.2429,28.33,1.5444,0.407,149.668,41.936,348.342,142.543,11.62,117
2017,10,Kerala,5378.0,5525.0,11.7694,34.92,0.7671,29.9056,0.1624,27.825,1.0187,0.5592,178.622,49.055,505.041,145.0,14.93,247
2017,11,Karnataka,1178.0,1246.0,10.4367,33.79,1.4961,29.6517,0.2503,27.35,1.7508,0.4307,18.61,0.0,106.921,72.287,2.17,117
2017,11,Kerala,5422.0,5523.0,12.6854,35.87,0.7128,29.6078,0.1092,27.81,1.0968,0.3587,100.405,0.999,441.907,141.952,8.72,247
2017,12,Karnataka,1176.0,1238.0,53.4007,32.06,2.073,28.8895,0.462,25.955,2.7496,0.3849,6.456,0.0,40.99,36.816,1.07,117
2017,12,Kerala,5466.0,5526.0,20.4665,32.78,0.6125,28.9891,0.1979,26.245,0.9461,0.3152,59.214,3.24,521.323,251.57,3.76,247
2018,1,Karnataka,1177.0,1216.0,19.4145,33.9,1.4269,28.512,0.1994,25.38,2.1335,0.33,0.012,0.0,0.913,0.913,0.0,117
2018,1,Kerala,5343.0,5501.0,5.6084,33.375,0.3489,28.5339,0.1352,27.955,0.4553,0.3059,1.459,0.0,19.6,19.031,0.33,247
2018,2,Karnataka,1176.0,1189.0,12.5274,35.265,0.8753,29.0892,0.1542,26.02,1.2627,0.4134,1.942,0.0,74.5,74.2,0.25,117
2018,2,Kerala,5426.0,5482.0,5.4069,34.965,0.3233,29.4109,0.1261,28.44,0.5675,0.3255,11.769,0.0,73.383,54.824,1.46,247
2018,3,Karnataka,1145.0,1192.0,4.5904,37.12,0.6121,29.7434,0.1363,29.075,0.8418,0.4887,34.846,2.142,86.329,56.507,3.44,117
2018,3,Kerala,4519.0,5488.0,4.1882,36.05,0.2792,29.9812,0.085,29.055,0.4834,0.35,44.393,4.748,142.824,120.665,5.12,247
2018,4,Karnataka,683.0,1207.0,4.0603,36.315,0.4349,30.3795,0.1278,29.655,0.4279,0.6597,48.536,0.271,147.09,59.721,6.58,117
2018,4,Kerala,3486.0,5499.0,2.4859,36.5,0.1528,30.5615,0.0555,29.05,0.1734,0.4025,90.194,10.475,317.4,79.628,10.39,247
2018,5,Karnataka,243.0,1204.0,5.3059,38.77,0.7461,30.4867,0.1045,28.185,0.8411,0.9281,239.1,67.253,630.895,277.676,15.99,117
2018,5,Kerala,2000.0,4872.0,12.1641,35.785,0.4076,30.635,0.0705,27.315,0.7764,1.1631,299.58,111.553,708.3,158.002,20.07,247
2018,6,Karnataka,163.0,893.0,4.8095,34.465,2.3232,28.9735,0.1819,25.325,1.4278,0.9801,633.018,51.39,1700.414,244.384,23.03,117
2018,6,Kerala,1039.0,4708.0,24.6736,34.25,1.2906,28.5971,0.1121,24.89,2.4566,0.9112,537.761,8.843,1319.694,249.905,22.9,247
2018,7,Karnataka,,866.0,,28.675,,26.5813,,24.36,,1.0108,682.492,46.468,2359.627,219.63,26.11,117
2018,7,Kerala,1750.0,5399.0,41.7909,31.715,0.765,27.864,0.1198,23.39,1.989,0.7052,621.692,10.949,1712.074,200.606,23.23,247
2018,8,Karnataka,135.0,1105.0,7.3126,28.12,3.2861,26.2437,1.2134,23.025,1.4393,0.5515,623.73,37.253,2188.367,255.54,26.35,117
2018,8,Kerala,2022.0,5456.0,84.9876,30.315,8.8088,26.5841,0.2217,23.08,14.5253,0.7308,614.961,7.973,1798.279,301.115,21.76,247
2018,9,Karnataka,1170.0,1262.0,17.0872,33.665,3.1763,28.5863,0.645,25.41,1.7423,0.7428,99.116,22.191,321.4,76.2,10.15,117
2018,9,Kerala,5380.0,5516.0,37.2621,35.38,2.2335,28.5361,0.1431,25.41,2.7411,0.6266,105.949,5.97,289.329,120.6,8.89,247
2018,10,Karnataka,1162.0,1264.0,46.3213,33.51,3.6891,30.1628,0.4453,27.685,4.9118,0.3854,130.72,40.78,335.245,107.155,10.17,117
2018,10,Kerala,4763.0,5531.0,46.3213,33.275,1.0628,30.1877,0.1194,27.285,2.1526,0.39,245.686,92.441,597.25,154.693,16.0,247
2018,11,Karnataka,1171.0,1242.0,80.8584,33.53,2.3114,30.1004,0.2326,27.01,4.5865,0.4515,22.349,0.174,60.622,34.863,2.75,117
2018,11,Kerala,5338.0,5528.0,27.2271,33.415,0.6108,29.7503,0.0768,27.12,1.2717,0.3129,97.848,1.72,404.653,223.056,8.35,247
2018,12,Karnataka,1154.0,1235.0,22.2321,31.845,1.6091,29.2224,0.1954,26.135,1.7799,0.3424,10.216,0.0,45.441,45.075,1.26,117
2018,12,Kerala,4638.0,5512.0,70.0545,32.86,0.5494,29.3653,0.0499,28.395,1.9009,0.3055,18.91,0.0,109.4,55.0,2.77,247
2019,1,Karnataka,1184.0,1208.0,38.6859,28.99,1.5422,28.6298,0.1907,25.435,2.3775,0.3519,0.0,0.0,0.0,0.0,0.0,117
2019,1,Kerala,5470.0,5495.0,72.1052,33.245,0.4813,28.6045,0.1545,25.03,1.6514,0.2853,0.598,0.0,12.0,12.0,0.14,247
2019,2,Karnataka,1179.0,1201.0,31.853,31.6,1.014,29.1439,0.1469,26.385,1.7789,0.323,2.623,0.0,29.904,18.815,0.42,117
2019,2,Kerala,5460.0,5491.0,78.7771,35.92,0.3881,29.2686,0.1315,28.62,1.6411,0.3458,8.288,0.0,96.661,92.75,1.2,247
2019,3,Karnataka,1161.0,1192.0,7.0141,32.44,0.9785,29.3497,0.1407,27.54,1.3064,0.3122,6.084,0.0,28.22,19.448,1.19,117
2019,3,Kerala,5271.0,5487.0,12.3078,37.645,0.2804,29.9196,0.1072,29.105,0.5512,0.3968,11.38,0.0,126.611,110.302,1.55,247
2019,4,Karnataka,903.0,1199.0,6.3443,37.83,0.582,30.5875,0.1719,29.905,0.7654,0.6848,35.064,1.326,119.618,67.691,5.16,117
2019,4,Kerala,4524.0,5497.0,3.7464,39.07,0.2556,30.6532,0.0855,30.065,0.3158,0.3692,73.938,0.0,246.315,60.51,7.76,247
2019,5,Karnataka,121.0,1199.0,1.5024,39.215,0.6966,29.8591,0.2241,28.845,0.2784,0.7028,39.572,0.0,196.254,53.6,5.11,117
2019,5,Kerala,1350.0,5493.0,1.0244,35.485,0.2763,29.8603,0.1189,27.765,0.0747,0.4178,75.608,13.434,196.254,76.432,9.47,247
2019,6,Karnataka,9.0,1189.0,5.6506,32.485,3.9532,29.7602,0.87,28.78,1.6746,0.3515,308.162,28.657,949.602,140.81,17.26,117
2019,6,Kerala,2912.0,5494.0,9.2353,36.545,0.6577,29.5165,0.1266,26.83,0.921,0.4835,241.413,17.185,610.449,105.616,16.92,247
2019,7,Karnataka,40.0,1019.0,2.0569,30.865,0.6846,28.3979,0.2228,26.815,0.3946,0.4221,671.927,34.7,1987.632,272.265,26.39,117
2019,7,Kerala,1431.0,4783.0,42.1064,33.6,1.9479,28.4531,0.1296,23.88,2.7664,0.7759,390.01,2.109,1203.191,272.265,19.9,247
2019,8,Karnataka,630.0,1020.0,5.1602,30.585,0.6135,28.4303,0.2064,26.975,0.5685,0.4002,947.988,106.166,2159.199,310.688,26.47,117
2019,8,Kerala,3767.0,4918.0,40.7209,31.56,1.1288,28.5789,0.1745,26.0,2.428,0.5898,773.922,88.962,1629.405,331.423,24.38,247
2019,9,Karnataka,1144.0,1233.0,12.1133,33.51,1.5717,29.3515,0.2299,27.075,1.7613,0.7195,411.913,73.969,1014.405,167.031,22.06,117
2019,9,Kerala,4201.0,5452.0,12.1133,33.525,0.5548,28.7798,0.1329,26.17,1.0091,0.6747,353.932,53.003,849.42,167.031,21.18,247
2019,10,Karnataka,1119.0,1266.0,18.9802,33.235,1.2647,30.222,0.1401,28.41,1.8502,0.4061,413.091,145.535,796.648,174.499,22.86,117
2019,10,Kerala,5209.0,5537.0,6.0262,34.035,0.3172,30.0284,0.0952,27.85,0.4655,0.496,382.632,98.356,736.011,190.2,23.03,247
2019,11,Karnataka,1181.0,1275.0,40.8056,33.995,1.0581,29.914,0.1956,27.895,1.8491,0.4607,40.215,5.53,132.885,70.772,4.45,117
2019,11,Kerala,5451.0,5540.0,24.0119,33.995,0.4283,29.9954,0.112,27.52,0.8917,0.3515,102.727,26.169,234.433,131.101,10.47,247
2019,12,Karnataka,1182.0,1248.0,44.3375,35.3,0.9544,29.8041,0.1394,27.565,2.044,0.4821,22.196,0.0,96.832,88.624,2.18,117
2019,12,Kerala,5456.0,5526.0,26.5945,33.925,0.3263,29.7541,0.1079,26.055,0.7468,0.3714,38.822,2.005,173.461,116.731,3.64,247
2020,1,Karnataka,1181.0,1229.0,49.3745,32.05,1.1712,28.9952,0.1743,27.085,2.4884,0.2677,0.113,0.0,2.647,2.647,0.03,117
2020,1,Kerala,5461.0,5511.0,43.4951,34.4,0.3464,29.2138,0.1288,25.785,1.015,0.3599,4.215,0.0,83.328,61.797,0.49,247
2020,2,Karnataka,1164.0,1214.0,63.4821,30.165,1.0708,29.1465,0.1651,27.29,2.8322,0.2839,0.395,0.0,7.92,7.92,0.08,117
2020,2,Kerala,5444.0,5487.0,41.646,36.51,0.3322,29.3295,0.1178,28.58,1.0594,0.3589,2.762,0.0,36.0,36.0,0.4,247
2020,3,Karnataka,1173.0,1207.0,7.447,33.665,1.0696,29.9952,0.2046,29.475,1.406,0.3452,6.203,0.0,36.372,30.898,1.3,117
2020,3,Kerala,5425.0,5496.0,7.8807,37.925,0.3372,30.3291,0.0835,29.34,0.6597,0.4374,31.737,0.261,162.197,69.697,3.96,247
2020,4,Karnataka,199.0,1198.0,4.9068,36.09,0.5481,31.2531,0.1938,30.825,0.7167,0.4298,52.106,4.888,172.728,133.271,6.14,117
2020,4,Kerala,4946.0,5494.0,4.381,38.25,0.2748,31.7987,0.1335,30.715,0.3591,0.4823,92.636,4.888,238.875,111.095,8.94,247
2020,5,Karnataka,80.0,1206.0,2.3889,36.895,0.7254,30.7228,0.2692,29.87,0.4841,0.6893,128.238,18.822,293.986,89.267,12.52,117
2020,5,Kerala,2253.0,5519.0,30.8232,36.38,0.591,30.8122,0.1572,29.035,1.1385,0.564,179.961,24.988,565.325,118.006,14.86,247
2020,6,Karnataka,681.0,1011.0,9.7425,32.89,1.4872,29.1205,0.1424,27.4,1.923,0.5455,439.578,47.479,1260.394,147.732,22.15,117
2020,6,Kerala,2180.0,4216.0,12.7763,33.35,0.5909,29.3199,0.1295,26.395,0.954,0.7475,372.21,4.74,1187.056,180.127,22.0,247
2020,7,Karnataka,520.0,996.0,16.3443,31.235,1.6903,28.7552,0.1661,27.09,2.8577,0.5859,554.789,76.452,1452.012,173.409,23.91,117
2020,7,Kerala,4144.0,5338.0,44.7867,32.38,2.0153,28.8645,0.0945,26.09,3.431,0.8274,396.158,61.668,1032.504,191.0,22.3,247
2020,8,Karnataka,,138.0,,28.4,,27.6278,,26.12,,0.4621,725.794,48.663,2284.841,264.182,23.74,117
2020,8,Kerala,1498.0,2503.0,43.4313,28.785,4.2303,27.3497,0.2839,25.395,5.2438,0.7356,502.707,28.139,1878.906,318.741,17.92,247
2020,9,Karnataka,1152.0,1250.0,14.9122,32.605,1.2131,28.8591,0.1657,27.765,1.3763,0.5532,479.73,140.846,1151.757,268.688,22.11,117
2020,9,Kerala,4510.0,5465.0,65.3258,36.45,1.6612,28.5484,0.141,26.18,2.9989,0.4834,460.851,78.162,1223.719,176.285,22.12,247
2020,10,Karnataka,1102.0,1256.0,17.9621,32.04,2.1599,29.0364,0.3414,27.375,2.0981,0.4778,219.219,73.182,517.738,178.862,14.53,117
2020,10,Kerala,5449.0,5523.0,47.3593,33.57,1.9732,29.1395,0.1501,27.225,3.2586,0.4844,176.883,16.368,400.561,105.928,13.42,247
2020,11,Karnataka,1175.0,1246.0,84.8952,34.045,6.4312,29.5744,0.3662,27.165,8.8779,0.482,20.308,0.0,140.533,56.535,2.88,117
2020,11,Kerala,5448.0,5534.0,62.7687,34.265,1.0483,29.9663,0.1891,27.905,2.2021,0.3451,95.564,12.218,311.313,94.317,8.91,247
2020,12,Karnataka,1177.0,1249.0,63.6765,35.235,1.9835,29.6137,0.2513,27.53,3.703,0.4928,13.747,0.0,64.06,55.583,1.72,117
2020,12,Kerala,5455.0,5513.0,15.5501,33.395,0.4251,29.682,0.1093,27.46,0.6442,0.3176,41.424,2.798,140.965,55.583,5.66,247
2021,1,Karnataka,1184.0,1237.0,8.8812,34.415,0.8743,29.4884,0.1816,26.495,1.1898,0.3993,58.111,3.702,221.88,100.945,4.1,117
2021,1,Kerala,5446.0,5511.0,15.2463,33.76,0.3583,29.1139,0.1367,25.765,0.5757,0.3894,80.84,4.295,235.829,120.192,6.97,247
2021,2,Karnataka,1150.0,1210.0,6.8137,31.175,0.865,29.3463,0.2021,26.71,1.2227,0.299,21.712,0.187,86.483,42.2,2.86,117
2021,2,Kerala,5438.0,5493.0,22.1156,36.145,0.3343,29.4803,0.1134,26.315,0.6958,0.3707,12.06,0.0,114.639,63.709,1.92,247
2021,3,Karnataka,1013.0,1208.0,3.9915,36.03,0.3423,30.361,0.1447,28.995,0.4114,0.4619,8.638,0.0,35.125,35.125,1.42,117
2021,3,Kerala,5276.0,5486.0,4.3945,36.23,0.2454,30.4094,0.1133,29.655,0.3231,0.305,33.144,0.0,164.565,85.923,3.91,247
2021,4,Karnataka,398.0,1223.0,1.0055,36.625,0.3034,30.6097,0.1143,29.335,0.1496,0.5962,72.872,13.197,201.305,65.015,8.4,117
2021,4,Kerala,3475.0,5500.0,4.2502,35.735,0.2265,30.5439,0.0844,29.32,0.207,0.3951,101.161,12.95,379.462,78.952,10.52,247
2021,5,Karnataka,229.0,1225.0,3.9489,35.02,0.6448,30.8255,0.1849,28.87,0.8902,0.6723,246.159,62.292,565.758,202.736,18.6,117
2021,5,Kerala,2872.0,5501.0,27.4551,35.48,0.5298,30.8474,0.104,28.485,1.9939,0.7206,395.405,28.046,960.6,179.892,19.98,247
2021,6,Karnataka,835.0,1216.0,8.9736,32.915,0.8776,29.4219,0.1011,27.405,1.1115,0.6235,477.258,61.622,1388.186,180.068,20.23,117
2021,6,Kerala,2779.0,5511.0,23.8288,34.31,0.9751,28.8833,0.0952,26.35,1.725,0.6685,304.058,2.16,753.935,120.8,18.89,247
2021,7,Karnataka,380.0,948.0,4.3129,30.95,1.3802,27.6351,0.2008,25.61,1.1757,0.6631,672.756,122.158,1971.407,285.076,24.01,117
2021,7,Kerala,3374.0,4787.0,33.5368,31.96,2.365,27.833,0.1598,24.34,3.0943,0.5629,465.163,11.399,1184.265,152.356,22.62,247
2021,8,Karnataka,939.0,1196.0,13.1829,31.085,1.5375,28.2759,0.2059,25.88,1.3733,0.6031,336.348,43.417,1427.82,139.975,23.38,117
2021,8,Kerala,3661.0,5278.0,42.9492,32.955,2.7771,28.0442,0.1487,24.865,3.6085,0.6749,317.732,8.369,839.4,130.4,22.26,247
2021,9,Karnataka,1095.0,1201.0,50.3882,30.7,3.9081,28.4643,0.6101,26.605,3.3465,0.4754,291.288,1.711,963.415,155.29,18.84,117
2021,9,Kerala,4055.0,5506.0,82.0266,33.635,3.4151,28.3509,0.2209,26.58,5.1261,0.4149,251.66,19.574,612.9,133.129,17.94,247
2021,10,Karnataka,1158.0,1277.0,40.3995,33.34,6.7929,29.7117,0.6018,27.89,5.2996,0.4187,291.662,83.955,574.497,177.984,19.16,117
2021,10,Kerala,4722.0,5528.0,49.9127,33.635,2.3792,29.2609,0.1497,27.395,4.1953,0.6147,466.329,141.09,1016.02,267.339,24.24,247
2021,11,Karnataka,1084.0,1242.0,14.6134,32.43,1.3497,29.4756,0.2061,27.395,1.3555,0.5711,212.068,86.786,425.2,131.725,15.22,117
2021,11,Kerala,4691.0,5480.0,46.8762,32.49,1.1854,28.9682,0.104,27.57,2.6395,0.5487,330.609,85.26,816.039,177.266,20.21,247
2021,12,Karnataka,1178.0,1278.0,65.2338,33.245,2.1191,29.1119,0.3626,26.845,4.0955,0.5368,25.546,1.754,98.522,79.684,2.59,117
2021,12,Kerala,5454.0,5548.0,63.7245,32.615,1.971,29.224,0.2008,26.655,3.4096,0.3368,41.996,5.106,270.31,122.73,4.68,247
2022,1,Karnataka,1182.0,1229.0,30.7757,31.45,1.9211,28.5298,0.3408,26.26,3.4,0.3037,0.432,0.0,23.94,23.94,0.06,117
2022,1,Kerala,5459.0,5512.0,30.7757,33.605,0.7001,28.781,0.1694,26.88,2.0389,0.3548,5.606,0.0,85.151,30.05,0.88,247
2022,2,Karnataka,1164.0,1219.0,11.2368,37.88,1.0476,28.9761,0.1952,27.03,1.558,0.5574,0.189,0.0,4.317,4.317,0.06,117
2022,2,Kerala,5398.0,5493.0,8.0128,34.76,0.3277,29.1878,0.1049,27.065,0.5839,0.3278,7.322,0.0,75.545,36.188,0.89,247
2022,3,Karnataka,1143.0,1205.0,7.7166,33.675,0.7456,29.831,0.1631,28.31,1.0852,0.3635,26.408,0.0,121.862,63.595,3.44,117
2022,3,Kerala,4812.0,5499.0,6.6208,35.625,0.2328,30.0912,0.1029,29.11,0.3115,0.3835,37.4,0.606,140.4,69.4,5.05,247
2022,4,Karnataka,628.0,1208.0,15.8896,34.865,0.395,31.0237,0.1396,30.095,0.9295,0.4806,94.07,5.965,203.195,75.769,9.52,117
2022,4,Kerala,3893.0,5491.0,5.3032,35.715,0.2332,30.8235,0.0969,28.96,0.3509,0.4288,152.314,29.1,430.483,90.46,13.15,247
2022,5,Karnataka,243.0,1231.0,2.2634,34.545,0.5055,29.9699,0.1885,28.005,0.4174,0.5863,260.109,88.217,489.4,140.931,13.86,117
2022,5,Kerala,4064.0,5508.0,44.9104,34.275,2.0099,29.395,0.1111,27.415,4.4963,0.713,341.638,29.736,788.284,183.379,20.96,247
2022,6,Karnataka,85.0,1186.0,3.7256,33.6,1.0307,29.2421,0.1266,28.23,1.2201,0.5575,313.999,38.254,939.391,161.26,19.58,117
2022,6,Kerala,3763.0,5503.0,74.2395,32.7,1.9957,28.7402,0.1266,26.645,4.6333,0.4711,243.355,8.58,642.438,108.982,18.88,247
2022,7,Karnataka,1014.0,1186.0,85.6955,31.905,3.3472,27.2934,0.3413,25.5,4.9468,0.5789,937.646,134.612,1944.026,236.529,26.28,117
2022,7,Kerala,3358.0,5322.0,85.6955,31.325,3.7641,27.1335,0.2616,24.03,4.5976,0.6135,584.8,42.284,1830.554,144.766,24.51,247
2022,8,Karnataka,327.0,1142.0,13.8972,31.165,2.9813,26.4174,0.9437,24.195,2.1513,0.6796,571.254,144.171,1340.215,190.979,24.98,117
2022,8,Kerala,4333.0,5491.0,86.1312,32.135,6.5718,26.9558,0.3016,23.905,9.9606,0.9188,528.969,78.961,1340.215,184.175,20.67,247
2022,9,Karnataka,1145.0,1230.0,28.0923,32.74,3.1484,27.9841,0.4847,26.42,2.9066,0.702,253.829,57.042,538.969,145.005,17.52,117
2022,9,Kerala,5353.0,5513.0,34.0837,32.205,2.6031,27.8916,0.2699,26.175,3.1708,0.4897,198.144,34.196,571.276,166.535,13.98,247
2022,10,Karnataka,1178.0,1267.0,37.4347,32.9,2.8272,29.2665,0.6171,26.815,2.9581,0.5011,170.018,50.726,416.279,86.598,14.2,117
2022,10,Kerala,5426.0,5526.0,60.3582,32.835,1.6605,29.3126,0.1712,27.54,2.8949,0.4451,224.142,66.329,431.077,133.157,15.98,247
2022,11,Karnataka,1165.0,1361.0,46.0891,34.175,1.9275,29.3864,0.2098,26.82,3.8081,0.6946,31.462,0.0,163.115,51.516,4.45,117
2022,11,Kerala,5238.0,5689.0,52.6176,35.15,1.1005,29.3303,0.1142,27.26,2.087,0.4726,141.098,13.934,518.607,112.6,11.1,247
2022,12,Karnataka,1184.0,1340.0,26.9843,34.225,2.9025,29.297,0.2941,26.345,3.2271,0.8185,24.372,0.996,73.446,48.437,3.22,117
2022,12,Kerala,5472.0,5717.0,36.8823,35.11,0.8473,29.2149,0.1785,25.875,2.0093,0.6123,80.723,6.933,280.218,139.589,6.64,247
2023,1,Karnataka,1178.0,1300.0,41.9596,33.975,2.0345,28.8396,0.2422,25.86,3.0845,0.7694,0.863,0.0,13.824,13.824,0.15,117
2023,1,Kerala,5445.0,5695.0,10.2378,35.165,0.4982,28.7462,0.2074,23.03,0.7686,0.6988,9.755,0.0,39.766,39.766,1.1,247
2023,2,Karnataka,1107.0,1222.0,73.2334,35.75,0.9295,29.1105,0.2294,26.28,3.4137,0.6666,0.007,0.0,0.376,0.376,0.0,117
2023,2,Kerala,5328.0,5577.0,6.6886,36.665,0.3733,29.0068,0.1626,27.71,0.5233,0.608,2.405,0.0,13.392,13.205,0.57,247
2023,3,Karnataka,1169.0,1211.0,7.287,38.065,0.8332,30.358,0.1857,25.82,1.1159,0.7929,3.808,0.0,29.287,22.577,0.67,117
2023,3,Kerala,5424.0,5585.0,11.8663,38.065,0.386,30.177,0.1133,28.98,0.7676,0.7814,31.196,0.0,216.501,67.0,3.89,247
2023,4,Karnataka,1166.0,1221.0,6.1907,39.37,0.678,30.6667,0.1083,29.54,1.0238,0.9176,20.856,0.0,77.554,51.261,2.69,117
2023,4,Kerala,5145.0,5602.0,12.5946,39.96,0.2834,30.6661,0.0908,29.54,0.5814,0.7901,75.752,1.473,272.809,79.707,7.21,247
2023,5,Karnataka,969.0,1270.0,5.6581,39.89,0.6498,31.0434,0.0719,29.75,0.9825,1.3107,88.141,5.779,336.4,87.2,8.18,117
2023,5,Kerala,3525.0,5661.0,40.762,38.495,0.1928,30.831,0.0539,29.52,0.9974,0.8013,151.599,30.976,336.9,153.896,13.35,247
2023,6,Karnataka,432.0,1217.0,3.8394,38.485,0.3884,30.4914,0.0709,28.78,0.5317,0.9213,216.186,22.555,790.519,144.775,14.6,117
2023,6,Kerala,3308.0,5546.0,69.948,38.485,1.5992,29.923,0.0745,26.78,5.3113,0.7458,203.802,3.632,470.986,138.143,16.93,247
2023,7,Karnataka,,916.0,,31.26,,26.7297,,25.235,,0.7122,914.722,77.126,2302.682,253.323,28.31,117
2023,7,Kerala,2905.0,5486.0,84.6369,32.655,6.7177,27.7449,0.1015,25.045,9.6731,0.8846,527.124,16.83,1567.939,200.266,22.4,247
2023,8,Karnataka,775.0,1294.0,47.3976,33.365,1.9381,28.1807,0.4497,26.415,2.3799,0.8868,118.296,2.225,375.382,92.445,12.31,117
2023,8,Kerala,4512.0,5668.0,53.3341,35.155,2.4165,28.3289,0.156,25.3,4.2773,0.9446,65.819,0.764,319.165,145.383,8.02,247
2023,9,Karnataka,992.0,1246.0,51.9337,33.495,2.9732,29.3864,0.2567,27.73,4.5334,0.694,258.068,13.655,690.541,122.994,19.35,117
2023,9,Kerala,4429.0,5455.0,68.6007,35.145,1.6646,29.2965,0.1119,27.55,4.2279,0.599,354.443,0.696,906.662,138.103,21.54,247
2023,10,Karnataka,631.0,1384.0,10.9155,33.855,1.5055,30.1787,0.1571,27.33,1.5641,0.5844,108.343,0.486,402.74,138.229,8.14,117
2023,10,Kerala,5289.0,5725.0,55.3051,37.615,1.1217,30.356,0.0852,27.905,2.9174,0.5478,255.943,43.764,636.85,164.676,15.25,247
2023,11,Karnataka,1078.0,1349.0,15.9627,34.5,1.2414,30.946,0.1524,28.375,1.4026,0.6752,95.243,4.743,218.765,105.581,6.89,117
2023,11,Kerala,5153.0,5721.0,17.7388,34.97,0.5283,30.5545,0.0736,27.465,1.1046,0.5877,205.172,44.429,492.515,139.0,12.86,247
2023,12,Karnataka,1180.0,1357.0,7.9838,36.45,1.0092,30.2983,0.1597,27.595,1.3716,0.7689,14.748,0.0,95.046,80.399,1.4,117
2023,12,Kerala,5461.0,5733.0,21.8745,38.56,0.4186,30.3551,0.08,26.77,0.9653,0.7051,64.712,0.0,399.353,206.013,4.62,247
2024,1,Karnataka,1162.0,1322.0,8.1671,36.65,1.1312,29.8352,0.147,27.04,1.4719,0.7011,26.753,0.0,131.157,44.066,2.74,117
2024,1,Kerala,5291.0,5700.0,47.5321,36.245,0.3586,29.8219,0.0893,24.115,1.165,0.6369,49.497,0.387,179.415,93.977,4.15,247
2024,2,Karnataka,1180.0,1257.0,9.6281,37.54,0.9999,30.2684,0.1449,27.33,1.3887,0.9758,0.0,0.0,0.0,0.0,0.0,117
2024,2,Kerala,5455.0,5637.0,31.1749,37.395,0.3464,29.9883,0.1043,26.955,0.9187,0.7236,0.537,0.0,12.352,10.384,0.17,247
2024,3,Karnataka,422.0,1240.0,5.5778,36.85,0.8797,30.1973,0.1297,29.505,1.2071,0.9272,0.938,0.0,18.036,17.658,0.12,117
2024,3,Kerala,4938.0,5614.0,5.1875,38.37,0.206,30.5542,0.093,29.905,0.3073,0.7248,5.27,0.0,54.571,30.037,0.8,247
2024,4,Karnataka,901.0,1261.0,1.7388,39.115,0.2859,31.5681,0.1351,30.67,0.2151,1.1923,29.345,0.0,107.444,101.712,2.92,117
2024,4,Kerala,5017.0,5625.0,8.2409,38.825,0.2319,31.7378,0.0816,30.61,0.4198,0.8273,30.092,0.0,207.434,80.023,3.92,247
2024,5,Karnataka,1115.0,1285.0,5.7566,39.43,0.631,32.0271,0.1471,29.5,0.8006,0.9252,184.013,0.0,441.283,120.309,11.89,117
2024,5,Kerala,4364.0,5550.0,8.9351,38.16,0.3903,31.8674,0.0717,25.31,0.709,0.8254,381.315,18.013,832.929,184.598,18.0,247
2024,6,Karnataka,60.0,1182.0,0.8888,36.935,0.4,29.9928,0.1531,25.38,0.2205,0.9273,411.908,0.116,1093.642,212.555,20.06,117
2024,6,Kerala,1223.0,5175.0,73.3337,34.88,2.7628,29.3963,0.098,26.305,8.3792,0.9542,401.384,7.657,1206.783,196.837,21.51,247
2024,7,Karnataka,,200.0,,30.56,,27.8243,,26.41,,0.6678,1091.521,87.52,3074.698,263.773,28.02,117
2024,7,Kerala,1685.0,3846.0,26.6519,33.405,1.2169,28.3747,0.142,25.245,2.3216,0.6674,694.618,31.164,1821.946,262.363,25.04,247
2024,8,Karnataka,532.0,1245.0,5.8897,32.815,0.8303,28.1411,0.2151,25.47,0.6902,0.7482,440.437,53.731,1147.447,178.44,22.38,117
2024,8,Kerala,3414.0,5563.0,76.6566,33.965,3.111,28.0508,0.1292,25.45,4.7574,0.8826,270.276,31.184,684.589,125.8,19.64,247
2024,9,Karnataka,1125.0,1389.0,56.2335,35.17,4.156,28.959,0.6124,24.22,3.6797,0.9129,234.143,15.347,723.687,112.29,18.09,117
2024,9,Kerala,5210.0,5725.0,44.4403,39.03,2.7354,28.9527,0.16,24.62,3.7109,0.7102,154.152,5.05,436.123,70.517,15.4,247
2024,10,Karnataka,1161.0,1443.0,22.2284,33.665,3.9169,30.2963,0.2374,28.04,3.9473,0.5768,241.744,65.045,409.507,140.713,17.74,117
2024,10,Kerala,5401.0,5744.0,55.1679,34.02,0.8379,30.0672,0.1016,26.94,2.0769,0.5799,234.893,89.77,665.12,175.877,18.14,247
2024,11,Karnataka,1090.0,1476.0,34.2722,34.185,1.6268,30.3847,0.1392,27.79,3.5282,0.7158,39.957,0.678,142.593,65.599,4.11,117
2024,11,Kerala,5145.0,5784.0,16.1407,34.185,0.401,30.2873,0.1025,26.535,0.9919,0.4695,96.158,17.149,336.912,101.279,9.46,247
2024,12,Karnataka,1177.0,1472.0,12.9413,34.595,1.399,29.4734,0.165,26.5,2.1273,0.888,49.426,2.054,205.696,189.379,3.47,117
2024,12,Kerala,5465.0,5847.0,48.7393,34.24,0.4493,29.6418,0.0956,23.185,1.3047,0.587,118.121,7.706,344.88,226.054,6.1,247
