year,doy_start,date_start,date_end,region,box_min_lat,box_max_lat,box_min_lon,box_max_lon,rainfall_mm_total_mean,rainfall_mm_total_min,rainfall_mm_total_max,rainfall_mm_max_daily,rainy_days_mean,n_grid_cells
2020,1,2020-01-01,2020-01-08,Karnataka,12.0,15.0,74.0,76.0,0.113,0.0,2.647,2.647,0.03,117
2020,1,2020-01-01,2020-01-08,Kerala,8.0,12.5,74.0,77.0,2.866,0.0,83.328,61.797,0.32,247
2020,9,2020-01-09,2020-01-16,Karnataka,12.0,15.0,74.0,76.0,0.0,0.0,0.0,0.0,0.0,117
2020,9,2020-01-09,2020-01-16,Kerala,8.0,12.5,74.0,77.0,0.0,0.0,0.0,0.0,0.0,247
2020,17,2020-01-17,2020-01-24,Karnataka,12.0,15.0,74.0,76.0,0.0,0.0,0.0,0.0,0.0,117
2020,17,2020-01-17,2020-01-24,Kerala,8.0,12.5,74.0,77.0,1.349,0.0,20.522,20.522,0.17,247
2020,25,2020-01-25,2020-02-01,Karnataka,12.0,15.0,74.0,76.0,0.0,0.0,0.0,0.0,0.0,117
2020,25,2020-01-25,2020-02-01,Kerala,8.0,12.5,74.0,77.0,0.0,0.0,0.0,0.0,0.0,247
2020,33,2020-02-02,2020-02-09,Karnataka,12.0,15.0,74.0,76.0,0.0,0.0,0.0,0.0,0.0,117
2020,33,2020-02-02,2020-02-09,Kerala,8.0,12.5,74.0,77.0,1.474,0.0,24.497,18.929,0.21,247
2020,41,2020-02-10,2020-02-17,Karnataka,12.0,15.0,74.0,76.0,0.0,0.0,0.0,0.0,0.0,117
2020,41,2020-02-10,2020-02-17,Kerala,8.0,12.5,74.0,77.0,0.581,0.0,36.0,36.0,0.04,247
2020,49,2020-02-18,2020-02-25,Karnataka,12.0,15.0,74.0,76.0,0.0,0.0,0.0,0.0,0.0,117
2020,49,2020-02-18,2020-02-25,Kerala,8.0,12.5,74.0,77.0,0.022,0.0,1.332,1.332,0.01,247
2020,57,2020-02-26,2020-03-04,Karnataka,12.0,15.0,74.0,76.0,4.286,0.0,31.264,30.898,0.73,117
2020,57,2020-02-26,2020-03-04,Kerala,8.0,12.5,74.0,77.0,6.885,0.0,35.829,35.829,1.06,247
2020,65,2020-03-05,2020-03-12,Karnataka,12.0,15.0,74.0,76.0,0.0,0.0,0.0,0.0,0.0,117
2020,65,2020-03-05,2020-03-12,Kerala,8.0,12.5,74.0,77.0,8.652,0.0,70.735,49.39,0.92,247
2020,73,2020-03-13,2020-03-20,Karnataka,12.0,15.0,74.0,76.0,0.401,0.0,10.524,9.773,0.12,117
2020,73,2020-03-13,2020-03-20,Kerala,8.0,12.5,74.0,77.0,0.804,0.0,19.204,19.204,0.17,247
2020,81,2020-03-21,2020-03-28,Karnataka,12.0,15.0,74.0,76.0,1.838,0.0,32.219,21.986,0.49,117
2020,81,2020-03-21,2020-03-28,Kerala,8.0,12.5,74.0,77.0,15.083,0.0,133.133,69.697,1.75,247
2020,89,2020-03-29,2020-04-05,Karnataka,12.0,15.0,74.0,76.0,0.278,0.0,3.699,2.836,0.12,117
2020,89,2020-03-29,2020-04-05,Kerala,8.0,12.5,74.0,77.0,1.065,0.0,20.0,20.0,0.22,247
2020,97,2020-04-06,2020-04-13,Karnataka,12.0,15.0,74.0,76.0,24.089,0.0,152.236,133.271,2.6,117
2020,97,2020-04-06,2020-04-13,Kerala,8.0,12.5,74.0,77.0,35.819,0.296,110.899,50.162,3.38,247
2020,105,2020-04-14,2020-04-21,Karnataka,12.0,15.0,74.0,76.0,7.699,0.0,36.693,27.991,1.12,117
2020,105,2020-04-14,2020-04-21,Kerala,8.0,12.5,74.0,77.0,9.778,0.0,70.522,31.847,1.46,247
2020,113,2020-04-22,2020-04-29,Karnataka,12.0,15.0,74.0,76.0,20.077,0.0,81.712,62.281,2.3,117
2020,113,2020-04-22,2020-04-29,Kerala,8.0,12.5,74.0,77.0,45.363,3.229,151.489,111.095,3.89,247
2020,121,2020-04-30,2020-05-07,Karnataka,12.0,15.0,74.0,76.0,28.384,0.875,76.12,59.47,3.57,117
2020,121,2020-04-30,2020-05-07,Kerala,8.0,12.5,74.0,77.0,28.088,0.0,141.793,47.01,3.29,247
2020,129,2020-05-08,2020-05-15,Karnataka,12.0,15.0,74.0,76.0,39.438,0.412,121.129,50.38,3.86,117
2020,129,2020-05-08,2020-05-15,Kerala,8.0,12.5,74.0,77.0,39.797,0.0,186.144,85.354,3.59,247
2020,137,2020-05-16,2020-05-23,Karnataka,12.0,15.0,74.0,76.0,39.36,0.0,121.29,89.267,2.77,117
2020,137,2020-05-16,2020-05-23,Kerala,8.0,12.5,74.0,77.0,64.552,0.48,245.185,118.006,3.92,247
2020,145,2020-05-24,2020-05-31,Karnataka,12.0,15.0,74.0,76.0,21.091,0.145,67.124,39.803,2.34,117
2020,145,2020-05-24,2020-05-31,Kerala,8.0,12.5,74.0,77.0,49.134,2.099,152.461,83.368,4.26,247
2020,153,2020-06-01,2020-06-08,Karnataka,12.0,15.0,74.0,76.0,109.161,7.396,365.048,112.832,5.84,117
2020,153,2020-06-01,2020-06-08,Kerala,8.0,12.5,74.0,77.0,118.26,0.646,457.276,118.397,6.1,247
2020,161,2020-06-09,2020-06-16,Karnataka,12.0,15.0,74.0,76.0,131.406,3.251,403.296,132.84,6.16,117
2020,161,2020-06-09,2020-06-16,Kerala,8.0,12.5,74.0,77.0,84.738,0.77,289.776,82.558,5.47,247
2020,169,2020-06-17,2020-06-24,Karnataka,12.0,15.0,74.0,76.0,140.567,1.284,508.635,147.732,5.92,117
2020,169,2020-06-17,2020-06-24,Kerala,8.0,12.5,74.0,77.0,88.672,0.0,322.986,180.127,5.51,247
2020,177,2020-06-25,2020-07-02,Karnataka,12.0,15.0,74.0,76.0,77.287,5.031,266.754,111.407,5.48,117
2020,177,2020-06-25,2020-07-02,Kerala,8.0,12.5,74.0,77.0,88.468,1.396,276.0,157.322,6.06,247
2020,185,2020-07-03,2020-07-10,Karnataka,12.0,15.0,74.0,76.0,230.654,8.539,640.508,173.409,7.28,117
2020,185,2020-07-03,2020-07-10,Kerala,8.0,12.5,74.0,77.0,140.071,7.697,422.497,108.831,6.78,247
2020,193,2020-07-11,2020-07-18,Karnataka,12.0,15.0,74.0,76.0,171.078,8.876,507.124,165.347,6.28,117
2020,193,2020-07-11,2020-07-18,Kerala,8.0,12.5,74.0,77.0,94.569,0.0,356.254,123.973,5.48,247
2020,201,2020-07-19,2020-07-26,Karnataka,12.0,15.0,74.0,76.0,69.932,7.339,205.218,142.019,5.4,117
2020,201,2020-07-19,2020-07-26,Kerala,8.0,12.5,74.0,77.0,70.962,7.0,222.387,113.542,5.66,247
2020,209,2020-07-27,2020-08-03,Karnataka,12.0,15.0,74.0,76.0,127.803,11.356,442.764,144.646,6.17,117
2020,209,2020-07-27,2020-08-03,Kerala,8.0,12.5,74.0,77.0,152.038,2.569,523.4,191.0,5.96,247
2020,217,2020-08-04,2020-08-11,Karnataka,12.0,15.0,74.0,76.0,415.535,25.018,1097.506,264.182,7.75,117
2020,217,2020-08-04,2020-08-11,Kerala,8.0,12.5,74.0,77.0,360.901,12.744,1240.281,318.741,7.41,247
2020,225,2020-08-12,2020-08-19,Karnataka,12.0,15.0,74.0,76.0,152.039,12.959,624.536,155.46,6.95,117
2020,225,2020-08-12,2020-08-19,Kerala,8.0,12.5,74.0,77.0,50.401,0.0,273.806,75.744,4.56,247
2020,233,2020-08-20,2020-08-27,Karnataka,12.0,15.0,74.0,76.0,72.167,1.212,428.82,127.584,4.77,117
2020,233,2020-08-20,2020-08-27,Kerala,8.0,12.5,74.0,77.0,18.823,0.0,120.685,63.937,2.71,247
2020,241,2020-08-28,2020-09-04,Karnataka,12.0,15.0,74.0,76.0,69.946,18.252,305.106,91.612,4.66,117
2020,241,2020-08-28,2020-09-04,Kerala,8.0,12.5,74.0,77.0,48.898,3.414,126.2,63.671,3.66,247
2020,249,2020-09-05,2020-09-12,Karnataka,12.0,15.0,74.0,76.0,134.953,23.207,435.744,250.984,6.27,117
2020,249,2020-09-05,2020-09-12,Kerala,8.0,12.5,74.0,77.0,175.116,9.074,761.448,176.285,6.53,247
2020,257,2020-09-13,2020-09-20,Karnataka,12.0,15.0,74.0,76.0,167.39,11.2,518.719,268.688,6.59,117
2020,257,2020-09-13,2020-09-20,Kerala,8.0,12.5,74.0,77.0,155.051,3.749,427.741,160.489,6.82,247
2020,265,2020-09-21,2020-09-28,Karnataka,12.0,15.0,74.0,76.0,125.468,4.006,455.545,208.841,5.58,117
2020,265,2020-09-21,2020-09-28,Kerala,8.0,12.5,74.0,77.0,76.488,1.247,222.336,93.991,4.54,247
2020,273,2020-09-29,2020-10-06,Karnataka,12.0,15.0,74.0,76.0,15.786,0.0,78.8,63.909,2.73,117
2020,273,2020-09-29,2020-10-06,Kerala,8.0,12.5,74.0,77.0,15.371,0.0,80.714,44.131,2.29,247
2020,281,2020-10-07,2020-10-14,Karnataka,12.0,15.0,74.0,76.0,103.113,23.005,286.796,178.862,5.78,117
2020,281,2020-10-07,2020-10-14,Kerala,8.0,12.5,74.0,77.0,109.362,10.845,240.876,105.928,5.91,247
2020,289,2020-10-15,2020-10-22,Karnataka,12.0,15.0,74.0,76.0,85.958,17.702,203.432,159.625,4.35,117
2020,289,2020-10-15,2020-10-22,Kerala,8.0,12.5,74.0,77.0,49.18,0.8,132.889,76.542,4.64,247
2020,297,2020-10-23,2020-10-30,Karnataka,12.0,15.0,74.0,76.0,18.824,0.0,111.225,68.21,2.47,117
2020,297,2020-10-23,2020-10-30,Kerala,8.0,12.5,74.0,77.0,11.408,0.0,78.553,55.573,1.67,247
2020,305,2020-10-31,2020-11-07,Karnataka,12.0,15.0,74.0,76.0,11.1,0.0,110.389,56.535,1.34,117
2020,305,2020-10-31,2020-11-07,Kerala,8.0,12.5,74.0,77.0,33.226,0.0,185.28,94.317,3.03,247
2020,313,2020-11-08,2020-11-15,Karnataka,12.0,15.0,74.0,76.0,3.912,0.0,27.506,27.506,0.52,117
2020,313,2020-11-08,2020-11-15,Kerala,8.0,12.5,74.0,77.0,15.04,0.0,67.721,48.882,1.75,247
2020,321,2020-11-16,2020-11-23,Karnataka,12.0,15.0,74.0,76.0,5.16,0.0,27.117,21.978,0.97,117
2020,321,2020-11-16,2020-11-23,Kerala,8.0,12.5,74.0,77.0,37.889,0.0,126.717,68.127,2.9,247
2020,329,2020-11-24,2020-12-01,Karnataka,12.0,15.0,74.0,76.0,0.18,0.0,5.165,5.165,0.05,117
2020,329,2020-11-24,2020-12-01,Kerala,8.0,12.5,74.0,77.0,9.785,0.0,74.83,63.952,1.27,247
2020,337,2020-12-02,2020-12-09,Karnataka,12.0,15.0,74.0,76.0,9.076,0.0,37.472,31.33,1.02,117
2020,337,2020-12-02,2020-12-09,Kerala,8.0,12.5,74.0,77.0,29.301,1.571,132.436,48.418,3.6,247
2020,345,2020-12-10,2020-12-17,Karnataka,12.0,15.0,74.0,76.0,3.549,0.0,59.035,55.583,0.5,117
2020,345,2020-12-10,2020-12-17,Kerala,8.0,12.5,74.0,77.0,5.924,0.0,59.035,55.583,0.92,247
2020,353,2020-12-18,2020-12-25,Karnataka,12.0,15.0,74.0,76.0,1.107,0.0,19.569,19.569,0.19,117
2020,353,2020-12-18,2020-12-25,Kerala,8.0,12.5,74.0,77.0,4.722,0.0,34.394,30.3,0.8,247
2020,361,2020-12-26,2020-12-31,Karnataka,12.0,15.0,74.0,76.0,0.015,0.0,0.939,0.939,0.0,117
2020,361,2020-12-26,2020-12-31,Kerala,8.0,12.5,74.0,77.0,1.135,0.0,18.167,18.167,0.3,247
2021,1,2021-01-01,2021-01-08,Karnataka,12.0,15.0,74.0,76.0,41.866,1.959,182.67,92.4,2.67,117
2021,1,2021-01-01,2021-01-08,Kerala,8.0,12.5,74.0,77.0,52.493,4.295,150.053,120.192,3.45,247
2021,9,2021-01-09,2021-01-16,Karnataka,12.0,15.0,74.0,76.0,14.197,0.0,100.945,100.945,1.19,117
2021,9,2021-01-09,2021-01-16,Kerala,8.0,12.5,74.0,77.0,26.449,0.0,133.002,62.992,3.12,247
2021,17,2021-01-17,2021-01-24,Karnataka,12.0,15.0,74.0,76.0,2.048,0.0,24.523,24.523,0.24,117
2021,17,2021-01-17,2021-01-24,Kerala,8.0,12.5,74.0,77.0,1.898,0.0,52.2,42.2,0.4,247
2021,25,2021-01-25,2021-02-01,Karnataka,12.0,15.0,74.0,76.0,0.0,0.0,0.0,0.0,0.0,117
2021,25,2021-01-25,2021-02-01,Kerala,8.0,12.5,74.0,77.0,0.043,0.0,1.425,1.425,0.02,247
2021,33,2021-02-02,2021-02-09,Karnataka,12.0,15.0,74.0,76.0,0.0,0.0,0.0,0.0,0.0,117
2021,33,2021-02-02,2021-02-09,Kerala,8.0,12.5,74.0,77.0,0.02,0.0,0.584,0.584,0.0,247
2021,41,2021-02-10,2021-02-17,Karnataka,12.0,15.0,74.0,76.0,0.0,0.0,0.0,0.0,0.0,117
2021,41,2021-02-10,2021-02-17,Kerala,8.0,12.5,74.0,77.0,0.0,0.0,0.0,0.0,0.0,247
2021,49,2021-02-18,2021-02-25,Karnataka,12.0,15.0,74.0,76.0,21.694,0.187,86.483,42.2,2.86,117
2021,49,2021-02-18,2021-02-25,Kerala,8.0,12.5,74.0,77.0,10.419,0.0,113.464,63.709,1.66,247
2021,57,2021-02-26,2021-03-05,Karnataka,12.0,15.0,74.0,76.0,0.018,0.0,0.68,0.68,0.0,117
2021,57,2021-02-26,2021-03-05,Kerala,8.0,12.5,74.0,77.0,1.639,0.0,27.328,27.14,0.26,247
2021,65,2021-03-06,2021-03-13,Karnataka,12.0,15.0,74.0,76.0,0.813,0.0,7.835,7.835,0.2,117
2021,65,2021-03-06,2021-03-13,Kerala,8.0,12.5,74.0,77.0,13.381,0.0,110.65,85.923,1.34,247
2021,73,2021-03-14,2021-03-21,Karnataka,12.0,15.0,74.0,76.0,0.593,0.0,7.602,7.602,0.17,117
2021,73,2021-03-14,2021-03-21,Kerala,8.0,12.5,74.0,77.0,1.366,0.0,36.157,36.157,0.31,247
2021,81,2021-03-22,2021-03-29,Karnataka,12.0,15.0,74.0,76.0,4.857,0.0,35.125,35.125,0.69,117
2021,81,2021-03-22,2021-03-29,Kerala,8.0,12.5,74.0,77.0,13.242,0.0,113.5,51.4,1.75,247
2021,89,2021-03-30,2021-04-06,Karnataka,12.0,15.0,74.0,76.0,2.405,0.0,16.983,16.983,0.35,117
2021,89,2021-03-30,2021-04-06,Kerala,8.0,12.5,74.0,77.0,10.47,0.0,93.724,56.332,1.11,247
2021,97,2021-04-07,2021-04-14,Karnataka,12.0,15.0,74.0,76.0,14.478,0.0,111.789,65.015,1.84,117
2021,97,2021-04-07,2021-04-14,Kerala,8.0,12.5,74.0,77.0,26.171,0.0,99.2,60.698,2.6,247
2021,105,2021-04-15,2021-04-22,Karnataka,12.0,15.0,74.0,76.0,29.021,0.0,125.487,53.4,3.19,117
2021,105,2021-04-15,2021-04-22,Kerala,8.0,12.5,74.0,77.0,46.693,2.277,159.92,78.952,4.18,247
2021,113,2021-04-23,2021-04-30,Karnataka,12.0,15.0,74.0,76.0,29.341,4.908,78.63,43.736,3.36,117
2021,113,2021-04-23,2021-04-30,Kerala,8.0,12.5,74.0,77.0,22.92,1.176,95.638,42.929,3.1,247
2021,121,2021-05-01,2021-05-08,Karnataka,12.0,15.0,74.0,76.0,44.949,5.452,136.766,47.344,4.94,117
2021,121,2021-05-01,2021-05-08,Kerala,8.0,12.5,74.0,77.0,45.118,0.0,229.4,70.435,4.45,247
2021,129,2021-05-09,2021-05-16,Karnataka,12.0,15.0,74.0,76.0,102.503,4.802,305.406,202.736,4.84,117
2021,129,2021-05-09,2021-05-16,Kerala,8.0,12.5,74.0,77.0,197.355,6.03,432.472,179.892,5.73,247
2021,137,2021-05-17,2021-05-24,Karnataka,12.0,15.0,74.0,76.0,57.778,8.598,208.703,94.06,5.42,117
2021,137,2021-05-17,2021-05-24,Kerala,8.0,12.5,74.0,77.0,78.71,0.622,184.4,77.462,5.99,247
2021,145,2021-05-25,2021-06-01,Karnataka,12.0,15.0,74.0,76.0,46.424,0.0,242.592,71.304,3.97,117
2021,145,2021-05-25,2021-06-01,Kerala,8.0,12.5,74.0,77.0,83.395,0.0,283.449,153.362,4.47,247
2021,153,2021-06-02,2021-06-09,Karnataka,12.0,15.0,74.0,76.0,64.107,2.178,225.732,157.691,4.75,117
2021,153,2021-06-02,2021-06-09,Kerala,8.0,12.5,74.0,77.0,58.44,0.0,193.03,114.343,4.73,247
2021,161,2021-06-10,2021-06-17,Karnataka,12.0,15.0,74.0,76.0,241.323,9.198,760.342,180.068,6.81,117
2021,161,2021-06-10,2021-06-17,Kerala,8.0,12.5,74.0,77.0,159.044,0.89,422.148,120.8,6.57,247
2021,169,2021-06-18,2021-06-25,Karnataka,12.0,15.0,74.0,76.0,143.807,3.4,459.28,163.048,5.77,117
2021,169,2021-06-18,2021-06-25,Kerala,8.0,12.5,74.0,77.0,60.246,0.0,260.24,108.754,4.71,247
2021,177,2021-06-26,2021-07-03,Karnataka,12.0,15.0,74.0,76.0,35.257,0.0,181.83,97.514,3.58,117
2021,177,2021-06-26,2021-07-03,Kerala,8.0,12.5,74.0,77.0,31.602,0.0,124.8,82.946,3.35,247
2021,185,2021-07-04,2021-07-11,Karnataka,12.0,15.0,74.0,76.0,86.727,3.808,345.248,152.356,4.65,117
2021,185,2021-07-04,2021-07-11,Kerala,8.0,12.5,74.0,77.0,97.507,4.29,263.593,152.356,4.97,247
2021,193,2021-07-12,2021-07-19,Karnataka,12.0,15.0,74.0,76.0,297.224,45.13,825.162,192.617,7.67,117
2021,193,2021-07-12,2021-07-19,Kerala,8.0,12.5,74.0,77.0,183.98,6.989,498.9,104.949,7.3,247
2021,201,2021-07-20,2021-07-27,Karnataka,12.0,15.0,74.0,76.0,240.912,20.68,638.345,285.076,7.39,117
2021,201,2021-07-20,2021-07-27,Kerala,8.0,12.5,74.0,77.0,149.937,0.12,469.981,149.036,6.71,247
2021,209,2021-07-28,2021-08-04,Karnataka,12.0,15.0,74.0,76.0,93.298,7.184,420.319,139.975,6.52,117
2021,209,2021-07-28,2021-08-04,Kerala,8.0,12.5,74.0,77.0,41.036,0.0,144.994,64.263,5.11,247
2021,217,2021-08-05,2021-08-12,Karnataka,12.0,15.0,74.0,76.0,101.535,5.013,462.304,129.815,6.32,117
2021,217,2021-08-05,2021-08-12,Kerala,8.0,12.5,74.0,77.0,100.199,0.0,357.0,120.4,6.22,247
2021,225,2021-08-13,2021-08-20,Karnataka,12.0,15.0,74.0,76.0,69.606,5.074,272.213,68.506,6.39,117
2021,225,2021-08-13,2021-08-20,Kerala,8.0,12.5,74.0,77.0,59.49,1.379,175.304,65.211,5.64,247
2021,233,2021-08-21,2021-08-28,Karnataka,12.0,15.0,74.0,76.0,51.785,0.916,324.696,118.987,4.6,117
2021,233,2021-08-21,2021-08-28,Kerala,8.0,12.5,74.0,77.0,82.748,2.472,180.4,105.311,5.32,247
2021,241,2021-08-29,2021-09-05,Karnataka,12.0,15.0,74.0,76.0,116.287,7.461,363.246,155.29,6.26,117
2021,241,2021-08-29,2021-09-05,Kerala,8.0,12.5,74.0,77.0,93.18,11.543,373.5,130.4,6.24,247
2021,249,2021-09-06,2021-09-13,Karnataka,12.0,15.0,74.0,76.0,142.421,0.81,496.239,109.069,6.74,117
2021,249,2021-09-06,2021-09-13,Kerala,8.0,12.5,74.0,77.0,104.786,0.449,312.027,133.129,5.88,247
2021,257,2021-09-14,2021-09-21,Karnataka,12.0,15.0,74.0,76.0,33.288,0.463,128.474,93.533,3.25,117
2021,257,2021-09-14,2021-09-21,Kerala,8.0,12.5,74.0,77.0,36.551,0.0,123.9,80.563,3.64,247
2021,265,2021-09-22,2021-09-29,Karnataka,12.0,15.0,74.0,76.0,50.711,0.0,178.927,63.415,4.65,117
2021,265,2021-09-22,2021-09-29,Kerala,8.0,12.5,74.0,77.0,67.384,1.785,183.804,120.021,4.17,247
2021,273,2021-09-30,2021-10-07,Karnataka,12.0,15.0,74.0,76.0,107.204,14.604,168.748,85.871,6.34,117
2021,273,2021-09-30,2021-10-07,Kerala,8.0,12.5,74.0,77.0,101.063,22.565,298.736,142.239,6.67,247
2021,281,2021-10-08,2021-10-15,Karnataka,12.0,15.0,74.0,76.0,87.404,12.388,286.751,177.984,5.73,117
2021,281,2021-10-08,2021-10-15,Kerala,8.0,12.5,74.0,77.0,144.203,3.4,345.032,214.964,6.54,247
2021,289,2021-10-16,2021-10-23,Karnataka,12.0,15.0,74.0,76.0,62.78,1.863,213.6,115.862,4.25,117
2021,289,2021-10-16,2021-10-23,Kerala,8.0,12.5,74.0,77.0,150.675,23.426,402.16,267.339,5.78,247
2021,297,2021-10-24,2021-10-31,Karnataka,12.0,15.0,74.0,76.0,38.139,5.007,100.998,62.8,3.39,117
2021,297,2021-10-24,2021-10-31,Kerala,8.0,12.5,74.0,77.0,73.698,9.777,219.236,110.355,5.75,247
2021,305,2021-11-01,2021-11-08,Karnataka,12.0,15.0,74.0,76.0,58.403,3.264,169.151,66.2,4.41,117
2021,305,2021-11-01,2021-11-08,Kerala,8.0,12.5,74.0,77.0,90.69,23.11,265.574,130.062,6.02,247
2021,313,2021-11-09,2021-11-16,Karnataka,12.0,15.0,74.0,76.0,62.301,4.501,211.737,114.515,4.23,117
2021,313,2021-11-09,2021-11-16,Kerala,8.0,12.5,74.0,77.0,125.176,6.758,474.688,177.266,5.97,247
2021,321,2021-11-17,2021-11-24,Karnataka,12.0,15.0,74.0,76.0,86.377,25.128,203.514,131.725,5.93,117
2021,321,2021-11-17,2021-11-24,Kerala,8.0,12.5,74.0,77.0,77.812,12.12,201.419,90.757,5.64,247
2021,329,2021-11-25,2021-12-02,Karnataka,12.0,15.0,74.0,76.0,21.156,0.0,98.366,79.684,1.98,117
2021,329,2021-11-25,2021-12-02,Kerala,8.0,12.5,74.0,77.0,46.19,0.944,179.292,90.282,3.9,247
2021,337,2021-12-03,2021-12-10,Karnataka,12.0,15.0,74.0,76.0,9.051,0.0,74.885,60.238,1.15,117
2021,337,2021-12-03,2021-12-10,Kerala,8.0,12.5,74.0,77.0,31.058,0.0,263.146,122.73,2.96,247
2021,345,2021-12-11,2021-12-18,Karnataka,12.0,15.0,74.0,76.0,0.326,0.0,4.332,4.163,0.11,117
2021,345,2021-12-11,2021-12-18,Kerala,8.0,12.5,74.0,77.0,1.436,0.0,14.425,14.425,0.33,247
2021,353,2021-12-19,2021-12-26,Karnataka,12.0,15.0,74.0,76.0,0.0,0.0,0.0,0.0,0.0,117
2021,353,2021-12-19,2021-12-26,Kerala,8.0,12.5,74.0,77.0,0.142,0.0,6.581,6.581,0.03,247
2021,361,2021-12-27,2021-12-31,Karnataka,12.0,15.0,74.0,76.0,0.0,0.0,0.0,0.0,0.0,117
2021,361,2021-12-27,2021-12-31,Kerala,8.0,12.5,74.0,77.0,0.102,0.0,2.331,2.331,0.04,247
2022,1,2022-01-01,2022-01-08,Karnataka,12.0,15.0,74.0,76.0,0.0,0.0,0.0,0.0,0.0,117
2022,1,2022-01-01,2022-01-08,Kerala,8.0,12.5,74.0,77.0,2.594,0.0,29.049,21.156,0.47,247
2022,9,2022-01-09,2022-01-16,Karnataka,12.0,15.0,74.0,76.0,0.0,0.0,0.0,0.0,0.0,117
2022,9,2022-01-09,2022-01-16,Kerala,8.0,12.5,74.0,77.0,0.847,0.0,30.05,30.05,0.11,247
2022,17,2022-01-17,2022-01-24,Karnataka,12.0,15.0,74.0,76.0,0.432,0.0,23.94,23.94,0.06,117
2022,17,2022-01-17,2022-01-24,Kerala,8.0,12.5,74.0,77.0,0.698,0.0,34.674,28.231,0.07,247
2022,25,2022-01-25,2022-02-01,Karnataka,12.0,15.0,74.0,76.0,0.0,0.0,0.0,0.0,0.0,117
2022,25,2022-01-25,2022-02-01,Kerala,8.0,12.5,74.0,77.0,1.467,0.0,34.205,23.507,0.22,247
2022,33,2022-02-02,2022-02-09,Karnataka,12.0,15.0,74.0,76.0,0.0,0.0,0.0,0.0,0.0,117
2022,33,2022-02-02,2022-02-09,Kerala,8.0,12.5,74.0,77.0,0.145,0.0,4.496,4.496,0.03,247
2022,41,2022-02-10,2022-02-17,Karnataka,12.0,15.0,74.0,76.0,0.137,0.0,4.317,4.317,0.03,117
2022,41,2022-02-10,2022-02-17,Kerala,8.0,12.5,74.0,77.0,6.067,0.0,70.977,36.188,0.65,247
2022,49,2022-02-18,2022-02-25,Karnataka,12.0,15.0,74.0,76.0,0.051,0.0,1.561,1.561,0.02,117
2022,49,2022-02-18,2022-02-25,Kerala,8.0,12.5,74.0,77.0,0.618,0.0,12.008,12.008,0.14,247
2022,57,2022-02-26,2022-03-05,Karnataka,12.0,15.0,74.0,76.0,0.0,0.0,0.0,0.0,0.0,117
2022,57,2022-02-26,2022-03-05,Kerala,8.0,12.5,74.0,77.0,0.492,0.0,13.579,13.579,0.07,247
2022,65,2022-03-06,2022-03-13,Karnataka,12.0,15.0,74.0,76.0,0.522,0.0,17.655,17.655,0.08,117
2022,65,2022-03-06,2022-03-13,Kerala,8.0,12.5,74.0,77.0,2.661,0.0,22.225,17.655,0.44,247
2022,73,2022-03-14,2022-03-21,Karnataka,12.0,15.0,74.0,76.0,5.756,0.0,51.232,50.509,0.74,117
2022,73,2022-03-14,2022-03-21,Kerala,8.0,12.5,74.0,77.0,9.559,0.0,96.6,69.4,1.14,247
2022,81,2022-03-22,2022-03-29,Karnataka,12.0,15.0,74.0,76.0,17.919,0.0,75.662,63.595,2.26,117
2022,81,2022-03-22,2022-03-29,Kerala,8.0,12.5,74.0,77.0,20.758,0.606,56.518,54.053,2.69,247
2022,89,2022-03-30,2022-04-06,Karnataka,12.0,15.0,74.0,76.0,10.605,0.0,50.911,44.022,1.92,117
2022,89,2022-03-30,2022-04-06,Kerala,8.0,12.5,74.0,77.0,17.232,0.0,64.837,44.022,2.53,247
2022,97,2022-04-07,2022-04-14,Karnataka,12.0,15.0,74.0,76.0,25.726,0.0,139.125,73.09,2.18,117
2022,97,2022-04-07,2022-04-14,Kerala,8.0,12.5,74.0,77.0,77.199,6.243,328.965,90.46,4.97,247
2022,105,2022-04-15,2022-04-22,Karnataka,12.0,15.0,74.0,76.0,43.941,0.304,168.985,75.769,3.75,117
2022,105,2022-04-15,2022-04-22,Kerala,8.0,12.5,74.0,77.0,34.687,0.972,135.11,72.437,3.51,247
2022,113,2022-04-23,2022-04-30,Karnataka,12.0,15.0,74.0,76.0,16.009,0.0,62.614,38.709,2.03,117
2022,113,2022-04-23,2022-04-30,Kerala,8.0,12.5,74.0,77.0,27.617,1.794,86.5,52.2,2.93,247
2022,121,2022-05-01,2022-05-08,Karnataka,12.0,15.0,74.0,76.0,32.89,0.0,135.6,58.322,3.02,117
2022,121,2022-05-01,2022-05-08,Kerala,8.0,12.5,74.0,77.0,37.334,0.0,111.12,63.572,3.91,247
2022,129,2022-05-09,2022-05-16,Karnataka,12.0,15.0,74.0,76.0,34.508,0.762,127.0,70.302,3.73,117
2022,129,2022-05-09,2022-05-16,Kerala,8.0,12.5,74.0,77.0,107.67,7.196,347.861,183.379,6.56,247
2022,137,2022-05-17,2022-05-24,Karnataka,12.0,15.0,74.0,76.0,176.332,77.355,338.379,140.931,5.6,117
2022,137,2022-05-17,2022-05-24,Kerala,8.0,12.5,74.0,77.0,152.87,0.784,386.462,135.303,6.66,247
2022,145,2022-05-25,2022-06-01,Karnataka,12.0,15.0,74.0,76.0,22.031,0.0,139.196,75.132,2.07,117
2022,145,2022-05-25,2022-06-01,Kerala,8.0,12.5,74.0,77.0,55.4,0.0,206.046,90.64,4.55,247
2022,153,2022-06-02,2022-06-09,Karnataka,12.0,15.0,74.0,76.0,29.32,3.857,77.892,59.653,3.56,117
2022,153,2022-06-02,2022-06-09,Kerala,8.0,12.5,74.0,77.0,38.04,0.0,182.12,108.982,4.0,247
2022,161,2022-06-10,2022-06-17,Karnataka,12.0,15.0,74.0,76.0,56.119,0.0,238.544,77.501,4.82,117
2022,161,2022-06-10,2022-06-17,Kerala,8.0,12.5,74.0,77.0,62.839,0.625,216.642,95.944,5.06,247
2022,169,2022-06-18,2022-06-25,Karnataka,12.0,15.0,74.0,76.0,121.218,8.526,468.649,124.434,6.52,117
2022,169,2022-06-18,2022-06-25,Kerala,8.0,12.5,74.0,77.0,77.014,0.78,196.37,86.675,5.72,247
2022,177,2022-06-26,2022-07-03,Karnataka,12.0,15.0,74.0,76.0,207.234,3.782,573.977,161.26,6.97,117
2022,177,2022-06-26,2022-07-03,Kerala,8.0,12.5,74.0,77.0,123.259,1.025,508.804,123.066,6.04,247
2022,185,2022-07-04,2022-07-11,Karnataka,12.0,15.0,74.0,76.0,447.454,28.719,1071.445,236.529,7.81,117
2022,185,2022-07-04,2022-07-11,Kerala,8.0,12.5,74.0,77.0,243.844,4.718,811.733,144.766,7.42,247
2022,193,2022-07-12,2022-07-19,Karnataka,12.0,15.0,74.0,76.0,292.331,17.975,654.156,173.847,7.82,117
2022,193,2022-07-12,2022-07-19,Kerala,8.0,12.5,74.0,77.0,194.364,2.251,602.09,144.442,7.2,247
2022,201,2022-07-20,2022-07-27,Karnataka,12.0,15.0,74.0,76.0,45.016,0.236,151.908,55.826,5.26,117
2022,201,2022-07-20,2022-07-27,Kerala,8.0,12.5,74.0,77.0,34.876,0.0,138.504,66.877,4.15,247
2022,209,2022-07-28,2022-08-04,Karnataka,12.0,15.0,74.0,76.0,119.554,24.211,381.267,190.979,6.06,117
2022,209,2022-07-28,2022-08-04,Kerala,8.0,12.5,74.0,77.0,185.96,19.262,481.998,184.175,6.93,247
2022,217,2022-08-05,2022-08-12,Karnataka,12.0,15.0,74.0,76.0,288.002,19.78,765.416,150.532,7.78,117
2022,217,2022-08-05,2022-08-12,Kerala,8.0,12.5,74.0,77.0,184.624,3.854,765.416,161.778,6.59,247
2022,225,2022-08-13,2022-08-20,Karnataka,12.0,15.0,74.0,76.0,36.029,0.101,175.731,49.34,4.44,117
2022,225,2022-08-13,2022-08-20,Kerala,8.0,12.5,74.0,77.0,7.301,0.0,41.21,26.705,1.51,247
2022,233,2022-08-21,2022-08-28,Karnataka,12.0,15.0,74.0,76.0,126.152,5.398,387.416,153.628,6.74,117
2022,233,2022-08-21,2022-08-28,Kerala,8.0,12.5,74.0,77.0,127.702,2.447,351.526,153.628,5.96,247
2022,241,2022-08-29,2022-09-05,Karnataka,12.0,15.0,74.0,76.0,106.554,22.44,268.458,145.005,6.17,117
2022,241,2022-08-29,2022-09-05,Kerala,8.0,12.5,74.0,77.0,129.025,19.648,268.458,166.535,6.66,247
2022,249,2022-09-06,2022-09-13,Karnataka,12.0,15.0,74.0,76.0,138.133,15.13,301.582,106.138,6.95,117
2022,249,2022-09-06,2022-09-13,Kerala,8.0,12.5,74.0,77.0,114.5,0.861,381.617,106.845,6.59,247
2022,257,2022-09-14,2022-09-21,Karnataka,12.0,15.0,74.0,76.0,39.172,0.0,132.707,64.334,4.7,117
2022,257,2022-09-14,2022-09-21,Kerala,8.0,12.5,74.0,77.0,15.936,0.0,76.307,42.061,2.7,247
2022,265,2022-09-22,2022-09-29,Karnataka,12.0,15.0,74.0,76.0,13.494,0.0,58.903,32.624,1.8,117
2022,265,2022-09-22,2022-09-29,Kerala,8.0,12.5,74.0,77.0,4.055,0.0,31.957,31.083,0.74,247
2022,273,2022-09-30,2022-10-07,Karnataka,12.0,15.0,74.0,76.0,52.675,6.846,166.18,72.024,4.7,117
2022,273,2022-09-30,2022-10-07,Kerala,8.0,12.5,74.0,77.0,35.927,1.276,218.556,102.297,3.83,247
2022,281,2022-10-08,2022-10-15,Karnataka,12.0,15.0,74.0,76.0,61.889,3.506,196.313,86.598,4.39,117
2022,281,2022-10-08,2022-10-15,Kerala,8.0,12.5,74.0,77.0,65.013,2.012,196.313,133.157,4.06,247
2022,289,2022-10-16,2022-10-23,Karnataka,12.0,15.0,74.0,76.0,59.454,9.372,231.0,83.143,5.32,117
2022,289,2022-10-16,2022-10-23,Kerala,8.0,12.5,74.0,77.0,108.513,22.164,236.932,101.299,6.44,247
2022,297,2022-10-24,2022-10-31,Karnataka,12.0,15.0,74.0,76.0,1.292,0.0,28.248,27.157,0.2,117
2022,297,2022-10-24,2022-10-31,Kerala,8.0,12.5,74.0,77.0,14.982,0.0,107.089,52.644,1.7,247
2022,305,2022-11-01,2022-11-08,Karnataka,12.0,15.0,74.0,76.0,11.336,0.0,76.477,51.516,1.42,117
2022,305,2022-11-01,2022-11-08,Kerala,8.0,12.5,74.0,77.0,54.975,1.041,175.79,106.0,4.38,247
2022,313,2022-11-09,2022-11-16,Karnataka,12.0,15.0,74.0,76.0,3.233,0.0,38.698,19.583,0.69,117
2022,313,2022-11-09,2022-11-16,Kerala,8.0,12.5,74.0,77.0,47.762,2.399,164.107,91.43,3.79,247
2022,321,2022-11-17,2022-11-24,Karnataka,12.0,15.0,74.0,76.0,2.534,0.0,12.675,10.48,0.74,117
2022,321,2022-11-17,2022-11-24,Kerala,8.0,12.5,74.0,77.0,6.711,0.0,78.898,77.237,0.74,247
2022,329,2022-11-25,2022-12-02,Karnataka,12.0,15.0,74.0,76.0,14.359,0.0,68.748,44.642,1.6,117
2022,329,2022-11-25,2022-12-02,Kerala,8.0,12.5,74.0,77.0,31.992,0.141,210.061,112.6,2.28,247
2022,337,2022-12-03,2022-12-10,Karnataka,12.0,15.0,74.0,76.0,0.798,0.0,16.714,16.714,0.1,117
2022,337,2022-12-03,2022-12-10,Kerala,8.0,12.5,74.0,77.0,16.271,0.0,95.819,78.847,1.75,247
2022,345,2022-12-11,2022-12-18,Karnataka,12.0,15.0,74.0,76.0,23.558,0.996,61.295,48.437,3.11,117
2022,345,2022-12-11,2022-12-18,Kerala,8.0,12.5,74.0,77.0,56.763,6.528,181.567,139.589,3.66,247
2022,353,2022-12-19,2022-12-26,Karnataka,12.0,15.0,74.0,76.0,0.016,0.0,0.503,0.503,0.0,117
2022,353,2022-12-19,2022-12-26,Kerala,8.0,12.5,74.0,77.0,4.105,0.0,26.476,26.476,0.66,247
2022,361,2022-12-27,2022-12-31,Karnataka,12.0,15.0,74.0,76.0,0.0,0.0,0.0,0.0,0.0,117
2022,361,2022-12-27,2022-12-31,Kerala,8.0,12.5,74.0,77.0,3.242,0.0,49.345,29.845,0.49,247
2023,1,2023-01-01,2023-01-08,Karnataka,12.0,15.0,74.0,76.0,0.0,0.0,0.0,0.0,0.0,117
2023,1,2023-01-01,2023-01-08,Kerala,8.0,12.5,74.0,77.0,0.0,0.0,0.0,0.0,0.0,247
2023,9,2023-01-09,2023-01-16,Karnataka,12.0,15.0,74.0,76.0,0.0,0.0,0.0,0.0,0.0,117
2023,9,2023-01-09,2023-01-16,Kerala,8.0,12.5,74.0,77.0,0.0,0.0,0.0,0.0,0.0,247
2023,17,2023-01-17,2023-01-24,Karnataka,12.0,15.0,74.0,76.0,0.0,0.0,0.0,0.0,0.0,117
2023,17,2023-01-17,2023-01-24,Kerala,8.0,12.5,74.0,77.0,0.835,0.0,11.339,11.339,0.2,247
2023,25,2023-01-25,2023-02-01,Karnataka,12.0,15.0,74.0,76.0,0.863,0.0,13.824,13.824,0.15,117
2023,25,2023-01-25,2023-02-01,Kerala,8.0,12.5,74.0,77.0,9.165,0.0,39.766,39.766,0.98,247
2023,33,2023-02-02,2023-02-09,Karnataka,12.0,15.0,74.0,76.0,0.0,0.0,0.0,0.0,0.0,117
2023,33,2023-02-02,2023-02-09,Kerala,8.0,12.5,74.0,77.0,2.152,0.0,13.392,13.205,0.5,247
2023,41,2023-02-10,2023-02-17,Karnataka,12.0,15.0,74.0,76.0,0.007,0.0,0.376,0.376,0.0,117
2023,41,2023-02-10,2023-02-17,Kerala,8.0,12.5,74.0,77.0,0.0,0.0,0.0,0.0,0.0,247
2023,49,2023-02-18,2023-02-25,Karnataka,12.0,15.0,74.0,76.0,0.0,0.0,0.0,0.0,0.0,117
2023,49,2023-02-18,2023-02-25,Kerala,8.0,12.5,74.0,77.0,0.008,0.0,0.796,0.796,0.0,247
2023,57,2023-02-26,2023-03-05,Karnataka,12.0,15.0,74.0,76.0,0.0,0.0,0.0,0.0,0.0,117
2023,57,2023-02-26,2023-03-05,Kerala,8.0,12.5,74.0,77.0,0.02,0.0,0.556,0.417,0.0,247
2023,65,2023-03-06,2023-03-13,Karnataka,12.0,15.0,74.0,76.0,0.0,0.0,0.0,0.0,0.0,117
2023,65,2023-03-06,2023-03-13,Kerala,8.0,12.5,74.0,77.0,0.083,0.0,4.556,4.556,0.03,247
2023,73,2023-03-14,2023-03-21,Karnataka,12.0,15.0,74.0,76.0,3.808,0.0,29.287,22.577,0.67,117
2023,73,2023-03-14,2023-03-21,Kerala,8.0,12.5,74.0,77.0,12.226,0.0,79.656,32.979,1.93,247
2023,81,2023-03-22,2023-03-29,Karnataka,12.0,15.0,74.0,76.0,0.0,0.0,0.0,0.0,0.0,117
2023,81,2023-03-22,2023-03-29,Kerala,8.0,12.5,74.0,77.0,11.357,0.0,114.036,67.0,1.05,247
2023,89,2023-03-30,2023-04-06,Karnataka,12.0,15.0,74.0,76.0,0.143,0.0,5.88,3.27,0.05,117
2023,89,2023-03-30,2023-04-06,Kerala,8.0,12.5,74.0,77.0,21.743,0.0,110.97,62.122,2.48,247
2023,97,2023-04-07,2023-04-14,Karnataka,12.0,15.0,74.0,76.0,2.218,0.0,34.109,33.995,0.5,117
2023,97,2023-04-07,2023-04-14,Kerala,8.0,12.5,74.0,77.0,7.129,0.0,85.339,42.904,0.97,247
2023,105,2023-04-15,2023-04-22,Karnataka,12.0,15.0,74.0,76.0,2.959,0.0,24.226,19.718,0.45,117
2023,105,2023-04-15,2023-04-22,Kerala,8.0,12.5,74.0,77.0,4.082,0.0,30.479,28.148,0.61,247
2023,113,2023-04-23,2023-04-30,Karnataka,12.0,15.0,74.0,76.0,15.537,0.0,69.596,51.261,1.69,117
2023,113,2023-04-23,2023-04-30,Kerala,8.0,12.5,74.0,77.0,50.309,0.018,214.989,79.707,4.02,247
2023,121,2023-05-01,2023-05-08,Karnataka,12.0,15.0,74.0,76.0,5.854,0.0,58.239,55.408,0.95,117
2023,121,2023-05-01,2023-05-08,Kerala,8.0,12.5,74.0,77.0,63.327,0.558,213.247,153.896,4.01,247
2023,129,2023-05-09,2023-05-16,Karnataka,12.0,15.0,74.0,76.0,37.383,0.799,107.2,62.979,3.34,117
2023,129,2023-05-09,2023-05-16,Kerala,8.0,12.5,74.0,77.0,36.351,0.131,108.236,58.352,3.33,247
2023,137,2023-05-17,2023-05-24,Karnataka,12.0,15.0,74.0,76.0,23.007,0.901,87.2,87.2,1.9,117
2023,137,2023-05-17,2023-05-24,Kerala,8.0,12.5,74.0,77.0,29.293,0.348,130.131,105.359,3.21,247
2023,145,2023-05-25,2023-06-01,Karnataka,12.0,15.0,74.0,76.0,29.099,1.6,105.6,76.538,2.69,117
2023,145,2023-05-25,2023-06-01,Kerala,8.0,12.5,74.0,77.0,30.7,0.994,135.09,61.879,3.53,247
2023,153,2023-06-02,2023-06-09,Karnataka,12.0,15.0,74.0,76.0,6.627,0.0,34.728,31.445,1.25,117
2023,153,2023-06-02,2023-06-09,Kerala,8.0,12.5,74.0,77.0,39.754,0.0,125.93,89.245,3.17,247
2023,161,2023-06-10,2023-06-17,Karnataka,12.0,15.0,74.0,76.0,42.115,0.0,160.194,49.607,4.1,117
2023,161,2023-06-10,2023-06-17,Kerala,8.0,12.5,74.0,77.0,56.215,0.0,167.884,49.95,5.08,247
2023,169,2023-06-18,2023-06-25,Karnataka,12.0,15.0,74.0,76.0,77.279,1.221,349.587,107.229,4.8,117
2023,169,2023-06-18,2023-06-25,Kerala,8.0,12.5,74.0,77.0,40.111,0.201,123.16,52.818,4.24,247
2023,177,2023-06-26,2023-07-03,Karnataka,12.0,15.0,74.0,76.0,142.791,0.0,550.455,144.775,6.35,117
2023,177,2023-06-26,2023-07-03,Kerala,8.0,12.5,74.0,77.0,92.755,0.364,305.736,138.143,5.91,247
2023,185,2023-07-04,2023-07-11,Karnataka,12.0,15.0,74.0,76.0,284.909,14.951,777.805,253.323,7.38,117
2023,185,2023-07-04,2023-07-11,Kerala,8.0,12.5,74.0,77.0,249.003,2.218,622.707,200.266,6.59,247
2023,193,2023-07-12,2023-07-19,Karnataka,12.0,15.0,74.0,76.0,136.3,0.0,475.091,156.693,6.88,117
2023,193,2023-07-12,2023-07-19,Kerala,8.0,12.5,74.0,77.0,45.447,0.101,178.281,58.017,5.07,247
2023,201,2023-07-20,2023-07-27,Karnataka,12.0,15.0,74.0,76.0,395.558,56.759,926.049,221.671,7.98,117
2023,201,2023-07-20,2023-07-27,Kerala,8.0,12.5,74.0,77.0,188.51,4.57,677.53,169.37,6.84,247
2023,209,2023-07-28,2023-08-04,Karnataka,12.0,15.0,74.0,76.0,62.518,1.938,226.835,82.76,6.06,117
2023,209,2023-07-28,2023-08-04,Kerala,8.0,12.5,74.0,77.0,18.394,0.0,127.149,70.76,3.01,247
2023,217,2023-08-05,2023-08-12,Karnataka,12.0,15.0,74.0,76.0,37.881,0.106,153.279,57.258,4.05,117
2023,217,2023-08-05,2023-08-12,Kerala,8.0,12.5,74.0,77.0,20.958,0.0,93.689,48.449,2.89,247
2023,225,2023-08-13,2023-08-20,Karnataka,12.0,15.0,74.0,76.0,44.091,0.978,153.996,92.445,3.38,117
2023,225,2023-08-13,2023-08-20,Kerala,8.0,12.5,74.0,77.0,17.339,0.0,85.219,46.518,2.02,247
2023,233,2023-08-21,2023-08-28,Karnataka,12.0,15.0,74.0,76.0,8.835,0.0,61.471,37.756,1.65,117
2023,233,2023-08-21,2023-08-28,Kerala,8.0,12.5,74.0,77.0,1.834,0.0,19.441,12.559,0.57,247
2023,241,2023-08-29,2023-09-05,Karnataka,12.0,15.0,74.0,76.0,13.448,0.277,53.886,50.415,2.57,117
2023,241,2023-08-29,2023-09-05,Kerala,8.0,12.5,74.0,77.0,66.867,0.0,363.775,145.383,4.44,247
2023,249,2023-09-06,2023-09-13,Karnataka,12.0,15.0,74.0,76.0,84.561,2.359,310.686,89.572,5.91,117
2023,249,2023-09-06,2023-09-13,Kerala,8.0,12.5,74.0,77.0,119.247,0.29,310.686,98.959,6.36,247
2023,257,2023-09-14,2023-09-21,Karnataka,12.0,15.0,74.0,76.0,77.725,0.704,280.395,122.994,5.77,117
2023,257,2023-09-14,2023-09-21,Kerala,8.0,12.5,74.0,77.0,74.718,0.173,199.396,86.771,5.66,247
2023,265,2023-09-22,2023-09-29,Karnataka,12.0,15.0,74.0,76.0,64.891,0.928,243.183,77.11,5.05,117
2023,265,2023-09-22,2023-09-29,Kerala,8.0,12.5,74.0,77.0,85.68,0.089,248.219,136.504,5.51,247
2023,273,2023-09-30,2023-10-07,Karnataka,12.0,15.0,74.0,76.0,61.038,0.0,206.256,138.229,2.76,117
2023,273,2023-09-30,2023-10-07,Kerala,8.0,12.5,74.0,77.0,101.642,0.202,323.355,126.0,3.69,247
2023,281,2023-10-08,2023-10-15,Karnataka,12.0,15.0,74.0,76.0,33.712,0.0,154.862,84.144,2.68,117
2023,281,2023-10-08,2023-10-15,Kerala,8.0,12.5,74.0,77.0,94.631,15.01,262.695,164.676,4.86,247
2023,289,2023-10-16,2023-10-23,Karnataka,12.0,15.0,74.0,76.0,17.387,0.0,77.826,44.742,1.93,117
2023,289,2023-10-16,2023-10-23,Kerala,8.0,12.5,74.0,77.0,45.602,0.0,157.846,73.433,3.69,247
2023,297,2023-10-24,2023-10-31,Karnataka,12.0,15.0,74.0,76.0,16.748,0.0,63.662,43.597,1.48,117
2023,297,2023-10-24,2023-10-31,Kerala,8.0,12.5,74.0,77.0,40.352,0.0,191.863,76.477,3.8,247
2023,305,2023-11-01,2023-11-08,Karnataka,12.0,15.0,74.0,76.0,54.163,0.717,164.547,76.577,3.56,117
2023,305,2023-11-01,2023-11-08,Kerala,8.0,12.5,74.0,77.0,95.096,24.373,227.637,139.0,5.76,247
2023,313,2023-11-09,2023-11-16,Karnataka,12.0,15.0,74.0,76.0,31.405,0.737,124.787,105.581,2.0,117
2023,313,2023-11-09,2023-11-16,Kerala,8.0,12.5,74.0,77.0,45.776,4.266,129.027,105.581,2.92,247
2023,321,2023-11-17,2023-11-24,Karnataka,12.0,15.0,74.0,76.0,4.069,0.0,36.312,33.165,0.68,117
2023,321,2023-11-17,2023-11-24,Kerala,8.0,12.5,74.0,77.0,57.452,0.163,200.672,98.415,3.0,247
2023,329,2023-11-25,2023-12-02,Karnataka,12.0,15.0,74.0,76.0,6.603,0.0,43.069,43.069,0.84,117
2023,329,2023-11-25,2023-12-02,Kerala,8.0,12.5,74.0,77.0,11.687,0.0,68.166,60.568,1.64,247
2023,337,2023-12-03,2023-12-10,Karnataka,12.0,15.0,74.0,76.0,8.727,0.0,51.243,51.133,0.65,117
2023,337,2023-12-03,2023-12-10,Kerala,8.0,12.5,74.0,77.0,30.549,0.0,136.155,102.702,1.98,247
2023,345,2023-12-11,2023-12-18,Karnataka,12.0,15.0,74.0,76.0,5.015,0.0,80.682,80.399,0.56,117
2023,345,2023-12-11,2023-12-18,Kerala,8.0,12.5,74.0,77.0,26.933,0.0,223.733,206.013,1.67,247
2023,353,2023-12-19,2023-12-26,Karnataka,12.0,15.0,74.0,76.0,0.009,0.0,0.366,0.366,0.0,117
2023,353,2023-12-19,2023-12-26,Kerala,8.0,12.5,74.0,77.0,1.867,0.0,25.537,18.381,0.43,247
2023,361,2023-12-27,2023-12-31,Karnataka,12.0,15.0,74.0,76.0,0.0,0.0,0.0,0.0,0.0,117
2023,361,2023-12-27,2023-12-31,Kerala,8.0,12.5,74.0,77.0,0.525,0.0,13.834,13.743,0.1,247
2024,1,2024-01-01,2024-01-08,Karnataka,12.0,15.0,74.0,76.0,18.491,0.0,72.582,32.891,2.02,117
2024,1,2024-01-01,2024-01-08,Kerala,8.0,12.5,74.0,77.0,37.94,0.26,138.053,93.977,2.79,247
2024,9,2024-01-09,2024-01-16,Karnataka,12.0,15.0,74.0,76.0,8.262,0.0,62.225,44.066,0.72,117
2024,9,2024-01-09,2024-01-16,Kerala,8.0,12.5,74.0,77.0,10.496,0.0,55.417,41.257,1.15,247
2024,17,2024-01-17,2024-01-24,Karnataka,12.0,15.0,74.0,76.0,0.0,0.0,0.0,0.0,0.0,117
2024,17,2024-01-17,2024-01-24,Kerala,8.0,12.5,74.0,77.0,0.72,0.0,8.946,8.125,0.19,247
2024,25,2024-01-25,2024-02-01,Karnataka,12.0,15.0,74.0,76.0,0.0,0.0,0.0,0.0,0.0,117
2024,25,2024-01-25,2024-02-01,Kerala,8.0,12.5,74.0,77.0,0.534,0.0,27.513,27.513,0.07,247
2024,33,2024-02-02,2024-02-09,Karnataka,12.0,15.0,74.0,76.0,0.0,0.0,0.0,0.0,0.0,117
2024,33,2024-02-02,2024-02-09,Kerala,8.0,12.5,74.0,77.0,0.205,0.0,10.384,10.384,0.06,247
2024,41,2024-02-10,2024-02-17,Karnataka,12.0,15.0,74.0,76.0,0.0,0.0,0.0,0.0,0.0,117
2024,41,2024-02-10,2024-02-17,Kerala,8.0,12.5,74.0,77.0,0.0,0.0,0.0,0.0,0.0,247
2024,49,2024-02-18,2024-02-25,Karnataka,12.0,15.0,74.0,76.0,0.0,0.0,0.0,0.0,0.0,117
2024,49,2024-02-18,2024-02-25,Kerala,8.0,12.5,74.0,77.0,0.14,0.0,3.353,3.353,0.05,247
2024,57,2024-02-26,2024-03-04,Karnataka,12.0,15.0,74.0,76.0,0.0,0.0,0.0,0.0,0.0,117
2024,57,2024-02-26,2024-03-04,Kerala,8.0,12.5,74.0,77.0,0.0,0.0,0.0,0.0,0.0,247
2024,65,2024-03-05,2024-03-12,Karnataka,12.0,15.0,74.0,76.0,0.0,0.0,0.0,0.0,0.0,117
2024,65,2024-03-05,2024-03-12,Kerala,8.0,12.5,74.0,77.0,0.109,0.0,2.685,2.685,0.04,247
2024,73,2024-03-13,2024-03-20,Karnataka,12.0,15.0,74.0,76.0,0.0,0.0,0.0,0.0,0.0,117
2024,73,2024-03-13,2024-03-20,Kerala,8.0,12.5,74.0,77.0,0.406,0.0,6.497,6.497,0.12,247
2024,81,2024-03-21,2024-03-28,Karnataka,12.0,15.0,74.0,76.0,0.938,0.0,18.036,17.658,0.12,117
2024,81,2024-03-21,2024-03-28,Kerala,8.0,12.5,74.0,77.0,1.934,0.0,24.225,24.225,0.28,247
2024,89,2024-03-29,2024-04-05,Karnataka,12.0,15.0,74.0,76.0,0.249,0.0,7.148,7.148,0.06,117
2024,89,2024-03-29,2024-04-05,Kerala,8.0,12.5,74.0,77.0,5.431,0.0,61.012,30.037,0.9,247
2024,97,2024-04-06,2024-04-13,Karnataka,12.0,15.0,74.0,76.0,2.318,0.0,44.902,44.902,0.42,117
2024,97,2024-04-06,2024-04-13,Kerala,8.0,12.5,74.0,77.0,12.761,0.0,118.701,80.023,1.1,247
2024,105,2024-04-14,2024-04-21,Karnataka,12.0,15.0,74.0,76.0,24.564,0.0,107.444,101.712,2.06,117
2024,105,2024-04-14,2024-04-21,Kerala,8.0,12.5,74.0,77.0,7.32,0.0,36.233,29.87,1.18,247
2024,113,2024-04-22,2024-04-29,Karnataka,12.0,15.0,74.0,76.0,2.215,0.0,32.808,32.808,0.39,117
2024,113,2024-04-22,2024-04-29,Kerala,8.0,12.5,74.0,77.0,6.729,0.0,72.266,53.0,0.98,247
2024,121,2024-04-30,2024-05-07,Karnataka,12.0,15.0,74.0,76.0,1.894,0.0,30.501,30.221,0.3,117
2024,121,2024-04-30,2024-05-07,Kerala,8.0,12.5,74.0,77.0,11.743,0.0,55.352,46.304,1.42,247
2024,129,2024-05-08,2024-05-15,Karnataka,12.0,15.0,74.0,76.0,33.358,0.0,126.359,75.105,3.08,117
2024,129,2024-05-08,2024-05-15,Kerala,8.0,12.5,74.0,77.0,64.665,6.042,150.321,91.493,4.92,247
2024,137,2024-05-16,2024-05-23,Karnataka,12.0,15.0,74.0,76.0,105.193,0.0,254.211,119.305,5.99,117
2024,137,2024-05-16,2024-05-23,Kerala,8.0,12.5,74.0,77.0,183.762,5.72,409.265,184.598,7.16,247
2024,145,2024-05-24,2024-05-31,Karnataka,12.0,15.0,74.0,76.0,43.568,0.0,220.985,120.309,2.52,117
2024,145,2024-05-24,2024-05-31,Kerala,8.0,12.5,74.0,77.0,121.818,0.544,513.6,137.842,4.62,247
2024,153,2024-06-01,2024-06-08,Karnataka,12.0,15.0,74.0,76.0,65.198,0.0,303.47,193.304,4.62,117
2024,153,2024-06-01,2024-06-08,Kerala,8.0,12.5,74.0,77.0,77.529,3.521,293.71,116.348,5.57,247
2024,161,2024-06-09,2024-06-16,Karnataka,12.0,15.0,74.0,76.0,107.218,0.0,356.4,172.995,5.51,117
2024,161,2024-06-09,2024-06-16,Kerala,8.0,12.5,74.0,77.0,70.376,0.0,238.848,77.716,4.97,247
2024,169,2024-06-17,2024-06-24,Karnataka,12.0,15.0,74.0,76.0,76.019,0.0,228.613,83.57,5.01,117
2024,169,2024-06-17,2024-06-24,Kerala,8.0,12.5,74.0,77.0,87.399,0.0,343.585,109.751,5.7,247
2024,177,2024-06-25,2024-07-02,Karnataka,12.0,15.0,74.0,76.0,211.64,0.0,616.536,212.555,6.82,117
2024,177,2024-06-25,2024-07-02,Kerala,8.0,12.5,74.0,77.0,202.172,1.938,572.03,196.837,7.01,247
2024,185,2024-07-03,2024-07-10,Karnataka,12.0,15.0,74.0,76.0,212.895,0.154,720.002,233.491,6.69,117
2024,185,2024-07-03,2024-07-10,Kerala,8.0,12.5,74.0,77.0,84.144,0.57,283.121,91.737,6.14,247
2024,193,2024-07-11,2024-07-18,Karnataka,12.0,15.0,74.0,76.0,319.787,0.763,959.745,263.773,7.24,117
2024,193,2024-07-11,2024-07-18,Kerala,8.0,12.5,74.0,77.0,260.124,7.231,760.005,240.513,6.6,247
2024,201,2024-07-19,2024-07-26,Karnataka,12.0,15.0,74.0,76.0,324.831,16.34,852.986,179.225,7.84,117
2024,201,2024-07-19,2024-07-26,Kerala,8.0,12.5,74.0,77.0,138.977,3.873,523.198,160.347,6.26,247
2024,209,2024-07-27,2024-08-03,Karnataka,12.0,15.0,74.0,76.0,315.965,22.079,970.981,239.594,7.08,117
2024,209,2024-07-27,2024-08-03,Kerala,8.0,12.5,74.0,77.0,228.488,6.817,624.643,262.363,6.78,247
2024,217,2024-08-04,2024-08-11,Karnataka,12.0,15.0,74.0,76.0,93.584,3.219,412.947,121.32,5.92,117
2024,217,2024-08-04,2024-08-11,Kerala,8.0,12.5,74.0,77.0,35.956,0.0,186.846,71.939,4.27,247
2024,225,2024-08-12,2024-08-19,Karnataka,12.0,15.0,74.0,76.0,56.459,7.869,131.97,61.102,4.91,117
2024,225,2024-08-12,2024-08-19,Kerala,8.0,12.5,74.0,77.0,62.536,8.349,221.688,109.641,5.24,247
2024,233,2024-08-20,2024-08-27,Karnataka,12.0,15.0,74.0,76.0,97.013,8.347,289.207,109.157,5.6,117
2024,233,2024-08-20,2024-08-27,Kerala,8.0,12.5,74.0,77.0,51.78,0.327,150.177,116.054,4.56,247
2024,241,2024-08-28,2024-09-04,Karnataka,12.0,15.0,74.0,76.0,111.326,2.997,418.923,83.841,6.38,117
2024,241,2024-08-28,2024-09-04,Kerala,8.0,12.5,74.0,77.0,108.089,0.0,320.8,125.8,6.2,247
2024,249,2024-09-05,2024-09-12,Karnataka,12.0,15.0,74.0,76.0,82.865,0.0,296.813,62.221,5.97,117
2024,249,2024-09-05,2024-09-12,Kerala,8.0,12.5,74.0,77.0,61.757,0.0,178.774,46.385,5.72,247
2024,257,2024-09-13,2024-09-20,Karnataka,12.0,15.0,74.0,76.0,21.012,0.0,85.92,42.806,3.15,117
2024,257,2024-09-13,2024-09-20,Kerala,8.0,12.5,74.0,77.0,7.884,0.0,65.956,35.688,1.71,247
2024,265,2024-09-21,2024-09-28,Karnataka,12.0,15.0,74.0,76.0,76.378,2.41,304.47,112.29,5.0,117
2024,265,2024-09-21,2024-09-28,Kerala,8.0,12.5,74.0,77.0,23.669,0.0,129.389,55.447,3.32,247
2024,273,2024-09-29,2024-10-06,Karnataka,12.0,15.0,74.0,76.0,35.315,1.969,183.155,117.247,3.81,117
2024,273,2024-09-29,2024-10-06,Kerala,8.0,12.5,74.0,77.0,48.29,2.3,157.035,70.517,4.23,247
2024,281,2024-10-07,2024-10-14,Karnataka,12.0,15.0,74.0,76.0,95.885,0.0,246.658,140.713,6.49,117
2024,281,2024-10-07,2024-10-14,Kerala,8.0,12.5,74.0,77.0,102.471,9.452,344.109,175.877,6.19,247
2024,289,2024-10-15,2024-10-22,Karnataka,12.0,15.0,74.0,76.0,97.812,16.706,189.044,92.511,5.97,117
2024,289,2024-10-15,2024-10-22,Kerala,8.0,12.5,74.0,77.0,53.141,0.536,239.249,86.332,5.44,247
2024,297,2024-10-23,2024-10-30,Karnataka,12.0,15.0,74.0,76.0,15.417,0.0,72.523,70.307,1.93,117
2024,297,2024-10-23,2024-10-30,Kerala,8.0,12.5,74.0,77.0,50.502,0.0,223.479,70.393,3.8,247
2024,305,2024-10-31,2024-11-07,Karnataka,12.0,15.0,74.0,76.0,27.332,0.0,97.35,65.599,2.74,117
2024,305,2024-10-31,2024-11-07,Kerala,8.0,12.5,74.0,77.0,56.041,0.335,252.943,101.279,4.0,247
2024,313,2024-11-08,2024-11-15,Karnataka,12.0,15.0,74.0,76.0,11.39,0.0,50.984,50.984,0.98,117
2024,313,2024-11-08,2024-11-15,Kerala,8.0,12.5,74.0,77.0,18.641,0.0,94.794,59.4,2.27,247
2024,321,2024-11-16,2024-11-23,Karnataka,12.0,15.0,74.0,76.0,4.37,0.0,34.344,30.666,0.75,117
2024,321,2024-11-16,2024-11-23,Kerala,8.0,12.5,74.0,77.0,19.318,0.0,80.683,65.214,2.64,247
2024,329,2024-11-24,2024-12-01,Karnataka,12.0,15.0,74.0,76.0,0.0,0.0,0.0,0.0,0.0,117
2024,329,2024-11-24,2024-12-01,Kerala,8.0,12.5,74.0,77.0,5.689,0.0,54.035,51.731,0.9,247
2024,337,2024-12-02,2024-12-09,Karnataka,12.0,15.0,74.0,76.0,48.261,2.054,203.674,189.379,3.16,117
2024,337,2024-12-02,2024-12-09,Kerala,8.0,12.5,74.0,77.0,81.137,0.411,224.093,189.379,3.16,247
2024,345,2024-12-10,2024-12-17,Karnataka,12.0,15.0,74.0,76.0,0.812,0.0,10.839,6.287,0.23,117
2024,345,2024-12-10,2024-12-17,Kerala,8.0,12.5,74.0,77.0,29.634,0.0,303.761,226.054,1.99,247
2024,353,2024-12-18,2024-12-25,Karnataka,12.0,15.0,74.0,76.0,0.0,0.0,0.0,0.0,0.0,117
2024,353,2024-12-18,2024-12-25,Kerala,8.0,12.5,74.0,77.0,0.696,0.0,17.598,17.598,0.12,247
2024,361,2024-12-26,2024-12-31,Karnataka,12.0,15.0,74.0,76.0,0.353,0.0,10.046,10.046,0.08,117
2024,361,2024-12-26,2024-12-31,Kerala,8.0,12.5,74.0,77.0,3.159,0.0,36.631,27.535,0.5,247
