year,doy_start,date_start,date_end,region,chlor_a_n_pixels,sst_n_pixels,chlor_a_max,sst_max,chlor_a_mean,sst_mean,chlor_a_min,sst_min,chlor_a_std,sst_std,rainfall_mm_total_mean,rainfall_mm_total_min,rainfall_mm_total_max,rainfall_mm_max_daily,rainy_days_mean,rainfall_n_cells,hab_event_documented,hab_events_last_52w,bloom,bloom_or_documented
2020,1,2020-01-01,2020-01-08,Karnataka,1173.0,1219.0,56.6879,32.295,0.9942,29.129,0.1379,27.395,2.6326,0.278,0.113,0.0,2.647,2.647,0.03,117,0,0,0,0
2020,1,2020-01-01,2020-01-08,Kerala,5169.0,5504.0,24.519,33.49,0.3028,29.1795,0.0953,28.515,0.6803,0.3781,2.866,0.0,83.328,61.797,0.32,247,0,0,0,0
2020,9,2020-01-09,2020-01-16,Karnataka,1173.0,1212.0,8.3429,31.065,0.9948,28.8843,0.1758,26.645,1.2794,0.2867,0.0,0.0,0.0,0.0,0.0,117,0,0,0,0
2020,9,2020-01-09,2020-01-16,Kerala,4943.0,5471.0,62.4712,33.265,0.3754,29.0385,0.1057,27.38,1.4004,0.3914,0.0,0.0,0.0,0.0,0.0,247,0,0,0,0
2020,17,2020-01-17,2020-01-24,Karnataka,1170.0,1221.0,44.2032,29.41,1.2696,28.9282,0.1928,27.21,2.4131,0.2659,0.0,0.0,0.0,0.0,0.0,117,0,0,0,0
2020,17,2020-01-17,2020-01-24,Kerala,5439.0,5487.0,12.585,34.4,0.3357,29.3921,0.1216,25.785,0.6307,0.3805,1.349,0.0,20.522,20.522,0.17,247,0,0,0,0
2020,25,2020-01-25,2020-02-01,Karnataka,987.0,1203.0,5.7082,29.865,1.1797,28.9963,0.1383,27.665,1.2589,0.2938,0.0,0.0,0.0,0.0,0.0,117,0,0,0,0
2020,25,2020-01-25,2020-02-01,Kerala,4497.0,5472.0,5.4695,34.23,0.3287,29.1067,0.0957,28.05,0.5228,0.3709,0.0,0.0,0.0,0.0,0.0,247,0,0,0,0
2020,33,2020-02-02,2020-02-09,Karnataka,1158.0,1203.0,63.4821,29.225,1.1734,28.7194,0.1648,27.615,2.8766,0.2785,0.0,0.0,0.0,0.0,0.0,117,0,0,0,0
2020,33,2020-02-02,2020-02-09,Kerala,5066.0,5476.0,9.3939,34.455,0.3317,29.1825,0.0962,28.325,0.631,0.3844,1.474,0.0,24.497,18.929,0.21,247,0,0,0,0
2020,41,2020-02-10,2020-02-17,Karnataka,1135.0,1194.0,6.4544,30.325,0.8859,29.029,0.1535,26.64,1.0518,0.2904,0.0,0.0,0.0,0.0,0.0,117,0,0,0,0
2020,41,2020-02-10,2020-02-17,Kerala,5350.0,5475.0,5.2955,34.16,0.2977,29.2743,0.1194,28.24,0.5081,0.3261,0.581,0.0,36.0,36.0,0.04,247,0,0,0,0
2020,49,2020-02-18,2020-02-25,Karnataka,976.0,1184.0,3.4147,31.225,0.5266,29.7963,0.1411,27.2,0.5126,0.4763,0.0,0.0,0.0,0.0,0.0,117,0,0,0,0
2020,49,2020-02-18,2020-02-25,Kerala,4871.0,5464.0,41.646,34.89,0.2778,29.4434,0.0978,28.495,1.0244,0.4222,0.022,0.0,1.332,1.332,0.01,247,0,0,0,0
2020,57,2020-02-26,2020-03-04,Karnataka,,1199.0,,32.675,,29.6575,,28.48,,0.4274,4.286,0.0,31.264,30.898,0.73,117,0,0,,
2020,57,2020-02-26,2020-03-04,Kerala,1176.0,5473.0,1.1208,36.51,0.1901,29.6522,0.1194,28.175,0.0877,0.5228,6.885,0.0,35.829,35.829,1.06,247,0,0,0,0
2020,65,2020-03-05,2020-03-12,Karnataka,1172.0,1199.0,8.0193,33.665,1.0529,29.8322,0.1835,29.145,1.4182,0.3895,0.0,0.0,0.0,0.0,0.0,117,0,0,0,0
2020,65,2020-03-05,2020-03-12,Kerala,5154.0,5477.0,7.301,36.65,0.343,30.0819,0.0741,28.42,0.688,0.569,8.652,0.0,70.735,49.39,0.92,247,0,0,0,0
2020,73,2020-03-13,2020-03-20,Karnataka,1140.0,1185.0,7.4871,31.53,1.0933,29.9477,0.1878,28.785,1.3489,0.2185,0.401,0.0,10.524,9.773,0.12,117,0,0,0,0
2020,73,2020-03-13,2020-03-20,Kerala,4874.0,5477.0,6.1891,37.375,0.3187,30.0503,0.0896,28.84,0.5907,0.4099,0.804,0.0,19.204,19.204,0.17,247,0,0,0,0
2020,81,2020-03-21,2020-03-28,Karnataka,1138.0,1185.0,16.7203,32.81,1.0494,29.9518,0.2296,29.365,1.608,0.2657,1.838,0.0,32.219,21.986,0.49,117,0,0,0,0
2020,81,2020-03-21,2020-03-28,Kerala,4212.0,5464.0,16.7203,34.73,0.2815,30.593,0.0921,29.4,0.6762,0.3423,15.083,0.0,133.133,69.697,1.75,247,0,0,0,0
2020,89,2020-03-29,2020-04-05,Karnataka,888.0,1185.0,2.6138,34.465,0.4581,30.7211,0.2325,29.625,0.2937,0.3595,0.278,0.0,3.699,2.836,0.12,117,0,0,0,0
2020,89,2020-03-29,2020-04-05,Kerala,2769.0,5471.0,2.3717,39.055,0.2398,31.0616,0.1056,29.405,0.1728,0.6318,1.065,0.0,20.0,20.0,0.22,247,0,0,0,0
2020,97,2020-04-06,2020-04-13,Karnataka,33.0,1187.0,0.932,35.45,0.6991,31.2397,0.5308,30.095,0.1267,0.4315,24.089,0.0,152.236,133.271,2.6,117,0,0,0,0
2020,97,2020-04-06,2020-04-13,Kerala,3384.0,5478.0,3.0244,37.685,0.2349,31.4443,0.1087,29.83,0.2088,0.6407,35.819,0.296,110.899,50.162,3.38,247,0,0,0,0
2020,105,2020-04-14,2020-04-21,Karnataka,73.0,1187.0,0.3954,35.045,0.2505,31.5274,0.1938,30.735,0.05,0.3225,7.699,0.0,36.693,27.991,1.12,117,0,0,0,0
2020,105,2020-04-14,2020-04-21,Kerala,4690.0,5471.0,4.6017,38.24,0.2817,32.276,0.1068,30.39,0.387,0.554,9.778,0.0,70.522,31.847,1.46,247,0,0,0,0
2020,113,2020-04-22,2020-04-29,Karnataka,95.0,1144.0,4.9068,36.09,0.7189,31.0111,0.2522,29.825,0.9822,0.4922,20.077,0.0,81.712,62.281,2.3,117,0,0,0,0
2020,113,2020-04-22,2020-04-29,Kerala,1210.0,4172.0,0.4014,38.325,0.2189,31.142,0.1612,29.425,0.0306,0.5219,45.363,3.229,151.489,111.095,3.89,247,0,0,0,0
2020,121,2020-04-30,2020-05-07,Karnataka,,1165.0,,36.625,,30.7583,,29.335,,0.7027,28.384,0.875,76.12,59.47,3.57,117,0,0,,
2020,121,2020-04-30,2020-05-07,Kerala,1256.0,5438.0,4.7396,36.175,0.5144,31.0702,0.1479,28.215,0.7136,0.6647,28.088,0.0,141.793,47.01,3.29,247,0,0,0,0
2020,129,2020-05-08,2020-05-15,Karnataka,,1099.0,,37.265,,30.9447,,28.715,,0.791,39.438,0.412,121.129,50.38,3.86,117,0,0,,
2020,129,2020-05-08,2020-05-15,Kerala,317.0,4577.0,4.6876,35.985,0.6083,31.1442,0.1722,27.26,0.6566,0.4904,39.797,0.0,186.144,85.354,3.59,247,0,0,0,0
2020,137,2020-05-16,2020-05-23,Karnataka,,1140.0,,32.07,,30.6095,,28.695,,0.4287,39.36,0.0,121.29,89.267,2.77,117,0,0,,
2020,137,2020-05-16,2020-05-23,Kerala,197.0,3444.0,6.6559,32.905,1.343,30.0999,0.198,27.96,1.7533,0.6907,64.552,0.48,245.185,118.006,3.92,247,0,0,0,0
2020,145,2020-05-24,2020-05-31,Karnataka,80.0,1170.0,2.3889,32.705,0.7254,30.3177,0.2692,29.17,0.4841,0.4311,21.091,0.145,67.124,39.803,2.34,117,0,0,0,0
2020,145,2020-05-24,2020-05-31,Kerala,1464.0,4901.0,41.9387,36.38,0.8926,30.2985,0.1572,27.635,2.2366,0.6868,49.134,2.099,152.461,83.368,4.26,247,0,0,0,0
2020,153,2020-06-01,2020-06-08,Karnataka,,528.0,,32.9,,29.1499,,26.915,,0.7293,109.161,7.396,365.048,112.832,5.84,117,0,0,,
2020,153,2020-06-01,2020-06-08,Kerala,701.0,1770.0,1.5274,31.085,0.3181,29.8565,0.1847,27.915,0.1983,0.6547,118.26,0.646,457.276,118.397,6.1,247,0,0,0,0
2020,161,2020-06-09,2020-06-16,Karnataka,1.0,53.0,0.4431,29.74,0.4431,28.8524,0.4431,28.41,0.0,0.3443,131.406,3.251,403.296,132.84,6.16,117,0,0,0,0
2020,161,2020-06-09,2020-06-16,Kerala,1190.0,2346.0,21.2873,33.23,0.6373,29.5012,0.1979,27.005,1.5701,0.7876,84.738,0.77,289.776,82.558,5.47,247,0,0,0,0
2020,169,2020-06-17,2020-06-24,Karnataka,240.0,671.0,3.5432,30.795,0.7253,28.7754,0.175,27.915,0.8183,0.4031,140.567,1.284,508.635,147.732,5.92,117,0,0,0,0
2020,169,2020-06-17,2020-06-24,Kerala,348.0,2065.0,8.9821,31.01,1.0218,28.9652,0.1751,26.15,1.0604,0.7255,88.672,0.0,322.986,180.127,5.51,247,0,0,0,0
2020,177,2020-06-25,2020-07-02,Karnataka,575.0,804.0,9.7425,32.59,1.7171,29.1211,0.1424,26.745,2.0366,0.6066,77.287,5.031,266.754,111.407,5.48,117,0,0,0,0
2020,177,2020-06-25,2020-07-02,Kerala,1392.0,1884.0,44.7867,33.35,1.204,28.545,0.1214,26.005,2.1676,0.806,88.468,1.396,276.0,157.322,6.06,247,0,0,0,0
2020,185,2020-07-03,2020-07-10,Karnataka,,6.0,,28.805,,28.4508,,28.17,,0.2407,230.654,8.539,640.508,173.409,7.28,117,0,0,,
2020,185,2020-07-03,2020-07-10,Kerala,107.0,2016.0,15.3881,32.105,4.4316,29.0367,0.1186,26.09,3.3183,0.8255,140.071,7.697,422.497,108.831,6.78,247,0,0,1,1
2020,193,2020-07-11,2020-07-18,Karnataka,10.0,100.0,0.2295,29.32,0.2028,28.1662,0.1805,27.16,0.0163,0.4088,171.078,8.876,507.124,165.347,6.28,117,0,0,0,0
2020,193,2020-07-11,2020-07-18,Kerala,1915.0,2296.0,36.6941,32.105,1.7306,29.2909,0.088,25.66,3.3022,1.0518,94.569,0.0,356.254,123.973,5.48,247,0,0,0,0
2020,201,2020-07-19,2020-07-26,Karnataka,288.0,831.0,13.7147,31.235,2.7795,28.6246,0.0967,26.585,3.3475,0.6096,69.932,7.339,205.218,142.019,5.4,117,0,0,1,1
2020,201,2020-07-19,2020-07-26,Kerala,1101.0,2698.0,33.2257,32.31,2.6755,28.2351,0.0967,26.025,3.1425,0.6731,70.962,7.0,222.387,113.542,5.66,247,0,0,1,1
2020,209,2020-07-27,2020-08-03,Karnataka,258.0,442.0,18.4531,30.405,0.5022,28.8864,0.1661,27.515,1.6746,0.5216,127.803,11.356,442.764,144.646,6.17,117,0,0,0,0
2020,209,2020-07-27,2020-08-03,Kerala,1973.0,3361.0,86.0521,30.415,3.2204,28.8197,0.1106,25.65,7.3104,0.6463,152.038,2.569,523.4,191.0,5.96,247,0,0,1,1
2020,217,2020-08-04,2020-08-11,Karnataka,,2.0,,27.02,,27.02,,27.02,,0.0,415.535,25.018,1097.506,264.182,7.75,117,0,0,,
2020,217,2020-08-04,2020-08-11,Kerala,863.0,2118.0,43.4313,28.53,2.4506,27.1508,0.3738,25.06,3.0542,0.8809,360.901,12.744,1240.281,318.741,7.41,247,0,0,1,1
2020,225,2020-08-12,2020-08-19,Karnataka,,133.0,,28.4,,27.6158,,26.12,,0.4661,152.039,12.959,624.536,155.46,6.95,117,0,0,,
2020,225,2020-08-12,2020-08-19,Kerala,796.0,1366.0,33.4979,28.785,7.1612,27.2029,0.3434,24.89,7.1042,0.5529,50.401,0.0,273.806,75.744,4.56,247,1,1,1,1
2020,233,2020-08-20,2020-08-27,Karnataka,,,,,,,,,,,72.167,1.212,428.82,127.584,4.77,117,0,0,,
2020,233,2020-08-20,2020-08-27,Kerala,202.0,592.0,7.5947,30.765,0.7307,28.2942,0.3528,26.385,0.7296,0.822,18.823,0.0,120.685,63.937,2.71,247,0,1,0,0
2020,241,2020-08-28,2020-09-04,Karnataka,1065.0,1188.0,22.0995,31.81,1.449,28.8092,0.1572,27.555,1.9645,0.4385,69.946,18.252,305.106,91.612,4.66,117,0,0,0,0
2020,241,2020-08-28,2020-09-04,Kerala,3290.0,4333.0,65.3258,32.565,1.5707,28.6598,0.141,26.11,3.1355,0.5085,48.898,3.414,126.2,63.671,3.66,247,0,1,0,0
2020,249,2020-09-05,2020-09-12,Karnataka,1078.0,1210.0,5.1371,33.455,0.9667,29.1719,0.1921,27.805,0.9493,0.5655,134.953,23.207,435.744,250.984,6.27,117,0,0,0,0
2020,249,2020-09-05,2020-09-12,Kerala,928.0,2414.0,6.3172,36.45,1.0479,28.4526,0.1811,26.455,1.0316,0.7251,175.116,9.074,761.448,176.285,6.53,247,0,1,0,0
2020,257,2020-09-13,2020-09-20,Karnataka,2.0,225.0,4.918,30.85,4.918,28.2968,4.918,26.435,0.0,0.5336,167.39,11.2,518.719,268.688,6.59,117,0,0,1,1
2020,257,2020-09-13,2020-09-20,Kerala,514.0,3096.0,7.2168,29.105,2.3833,28.085,0.3277,25.815,1.3716,0.4311,155.051,3.749,427.741,160.489,6.82,247,0,1,1,1
2020,265,2020-09-21,2020-09-28,Karnataka,87.0,1055.0,1.3903,31.03,0.7039,28.1435,0.3788,26.15,0.2209,0.6967,125.468,4.006,455.545,208.841,5.58,117,0,0,0,0
2020,265,2020-09-21,2020-09-28,Kerala,1923.0,4598.0,68.9265,31.835,2.1658,28.3376,0.1821,25.8,4.8535,0.615,76.488,1.247,222.336,93.991,4.54,247,0,1,1,1
2020,273,2020-09-29,2020-10-06,Karnataka,877.0,1156.0,28.5085,31.08,1.7399,28.7023,0.2572,26.78,2.3036,0.5281,15.786,0.0,78.8,63.909,2.73,117,0,0,0,0
2020,273,2020-09-29,2020-10-06,Kerala,4286.0,5476.0,79.233,34.265,2.0091,28.5541,0.1155,25.69,4.5648,0.5579,15.371,0.0,80.714,44.131,2.29,247,0,1,1,1
2020,281,2020-10-07,2020-10-14,Karnataka,,943.0,,31.21,,28.517,,26.955,,0.5432,103.113,23.005,286.796,178.862,5.78,117,0,0,,
2020,281,2020-10-07,2020-10-14,Kerala,747.0,3339.0,5.5466,30.895,0.9971,28.4826,0.1458,25.655,0.6114,0.7862,109.362,10.845,240.876,105.928,5.91,247,0,1,0,0
2020,289,2020-10-15,2020-10-22,Karnataka,258.0,1229.0,15.8641,32.04,4.35,27.6237,1.0669,26.39,2.4491,0.7789,85.958,17.702,203.432,159.625,4.35,117,0,0,1,1
2020,289,2020-10-15,2020-10-22,Kerala,1756.0,5305.0,34.4899,33.695,2.0291,28.3275,0.179,26.19,3.12,0.6314,49.18,0.8,132.889,76.542,4.64,247,0,1,1,1
2020,297,2020-10-23,2020-10-30,Karnataka,899.0,1237.0,26.1011,31.5,2.3546,29.5558,0.3475,27.72,2.8272,0.4899,18.824,0.0,111.225,68.21,2.47,117,0,0,1,1
2020,297,2020-10-23,2020-10-30,Kerala,5177.0,5498.0,77.188,33.5,2.1601,29.5873,0.1217,27.14,4.1276,0.687,11.408,0.0,78.553,55.573,1.67,247,0,1,1,1
2020,305,2020-10-31,2020-11-07,Karnataka,532.0,1216.0,85.7892,31.635,5.6984,29.4225,0.334,27.425,11.2587,0.5565,11.1,0.0,110.389,56.535,1.34,117,0,0,1,1
2020,305,2020-10-31,2020-11-07,Kerala,4585.0,5503.0,85.7892,34.27,1.3842,30.1029,0.1381,27.905,3.5091,0.4738,33.226,0.0,185.28,94.317,3.03,247,0,1,0,0
2020,313,2020-11-08,2020-11-15,Karnataka,1160.0,1226.0,84.8952,33.355,8.0342,29.2926,0.2257,27.08,9.7986,0.5572,3.912,0.0,27.506,27.506,0.52,117,0,0,1,1
2020,313,2020-11-08,2020-11-15,Kerala,2418.0,5403.0,74.168,33.755,1.9456,29.7122,0.1777,27.68,5.1121,0.3865,15.04,0.0,67.721,48.882,1.75,247,0,1,0,0
2020,321,2020-11-16,2020-11-23,Karnataka,1087.0,1180.0,86.1992,30.95,8.1103,29.5892,0.2284,26.465,16.3053,0.4772,5.16,0.0,27.117,21.978,0.97,117,0,0,1,1
2020,321,2020-11-16,2020-11-23,Kerala,5343.0,5493.0,53.464,34.265,1.1393,29.9074,0.1696,26.03,3.1961,0.4695,37.889,0.0,126.717,68.127,2.9,247,0,1,0,0
2020,329,2020-11-24,2020-12-01,Karnataka,1142.0,1230.0,81.1724,34.045,4.4823,29.8022,0.3329,26.46,7.9553,0.4987,0.18,0.0,5.165,5.165,0.05,117,0,0,1,1
2020,329,2020-11-24,2020-12-01,Kerala,5346.0,5508.0,62.7687,33.92,0.632,29.9749,0.1318,28.665,1.7337,0.4043,9.785,0.0,74.83,63.952,1.27,247,0,1,0,0
2020,337,2020-12-02,2020-12-09,Karnataka,1157.0,1189.0,71.8527,33.385,3.0567,29.7669,0.2441,26.44,6.0412,0.432,9.076,0.0,37.472,31.33,1.02,117,0,0,1,1
2020,337,2020-12-02,2020-12-09,Kerala,5139.0,5387.0,14.5983,33.585,0.411,29.7699,0.0912,28.055,0.6475,0.3281,29.301,1.571,132.436,48.418,3.6,247,0,1,0,0
2020,345,2020-12-10,2020-12-17,Karnataka,752.0,1240.0,63.6765,35.235,1.3639,29.8964,0.193,27.675,4.0294,0.5292,3.549,0.0,59.035,55.583,0.5,117,0,0,0,0
2020,345,2020-12-10,2020-12-17,Kerala,4407.0,5451.0,6.6226,33.72,0.4238,29.5353,0.1071,27.46,0.6382,0.4882,5.924,0.0,59.035,55.583,0.92,247,0,1,0,0
2020,353,2020-12-18,2020-12-25,Karnataka,1077.0,1233.0,6.055,34.335,0.9847,29.3241,0.2783,26.46,1.1225,0.4504,1.107,0.0,19.569,19.569,0.19,117,0,0,0,0
2020,353,2020-12-18,2020-12-25,Kerala,4307.0,5489.0,15.5501,34.02,0.3956,29.566,0.1344,26.51,0.578,0.5007,4.722,0.0,34.394,30.3,0.8,247,0,1,0,0
2020,361,2020-12-26,2020-12-31,Karnataka,1170.0,1214.0,7.4382,30.325,0.77,29.5245,0.1804,27.02,1.0067,0.4416,0.015,0.0,0.939,0.939,0.0,117,0,0,0,0
2020,361,2020-12-26,2020-12-31,Kerala,4049.0,5411.0,5.652,33.29,0.3902,29.626,0.1508,26.505,0.5896,0.4491,1.135,0.0,18.167,18.167,0.3,247,0,1,0,0
2021,1,2021-01-01,2021-01-08,Karnataka,1180.0,1227.0,8.8812,32.85,0.7928,29.9483,0.1626,26.495,1.0712,0.419,41.866,1.959,182.67,92.4,2.67,117,0,0,0,0
2021,1,2021-01-01,2021-01-08,Kerala,4571.0,5303.0,15.2463,33.58,0.3971,29.983,0.1416,27.71,0.6717,0.4556,52.493,4.295,150.053,120.192,3.45,247,0,1,0,0
2021,9,2021-01-09,2021-01-16,Karnataka,1028.0,1214.0,6.5331,33.32,0.8419,29.8347,0.1475,27.04,1.196,0.4498,14.197,0.0,100.945,100.945,1.19,117,0,0,0,0
2021,9,2021-01-09,2021-01-16,Kerala,3124.0,4176.0,5.3208,33.035,0.3044,29.159,0.0959,24.59,0.3512,0.6184,26.449,0.0,133.002,62.992,3.12,247,0,1,0,0
2021,17,2021-01-17,2021-01-24,Karnataka,1142.0,1212.0,6.75,34.415,0.8461,29.1852,0.154,26.47,1.1896,0.3537,2.048,0.0,24.523,24.523,0.24,117,0,0,0,0
2021,17,2021-01-17,2021-01-24,Kerala,5195.0,5496.0,6.2593,33.76,0.3178,28.9597,0.1256,27.9,0.3833,0.4212,1.898,0.0,52.2,42.2,0.4,247,0,1,0,0
2021,25,2021-01-25,2021-02-01,Karnataka,,1203.0,,29.83,,29.1909,,26.32,,0.296,0.0,0.0,0.0,0.0,0.0,117,0,0,,
2021,25,2021-01-25,2021-02-01,Kerala,,5475.0,,34.325,,28.9324,,26.06,,0.4022,0.043,0.0,1.425,1.425,0.02,247,0,1,,
2021,33,2021-02-02,2021-02-09,Karnataka,,,,,,,,,,,0.0,0.0,0.0,0.0,0.0,117,0,0,,
2021,33,2021-02-02,2021-02-09,Kerala,,,,,,,,,,,0.02,0.0,0.584,0.584,0.0,247,0,1,,
2021,41,2021-02-10,2021-02-17,Karnataka,,,,,,,,,,,0.0,0.0,0.0,0.0,0.0,117,0,0,,
2021,41,2021-02-10,2021-02-17,Kerala,,,,,,,,,,,0.0,0.0,0.0,0.0,0.0,247,0,1,,
2021,49,2021-02-18,2021-02-25,Karnataka,,,,,,,,,,,21.694,0.187,86.483,42.2,2.86,117,0,0,,
2021,49,2021-02-18,2021-02-25,Kerala,,,,,,,,,,,10.419,0.0,113.464,63.709,1.66,247,0,1,,
2021,57,2021-02-26,2021-03-05,Karnataka,432.0,1193.0,0.6461,31.065,0.2112,29.8749,0.1681,28.955,0.0374,0.3027,0.018,0.0,0.68,0.68,0.0,117,0,0,0,0
2021,57,2021-02-26,2021-03-05,Kerala,3610.0,5472.0,1.3513,35.72,0.1973,29.8367,0.1267,29.16,0.0861,0.2687,1.639,0.0,27.328,27.14,0.26,247,0,1,0,0
2021,65,2021-03-06,2021-03-13,Karnataka,769.0,1196.0,3.464,32.565,0.3693,29.8123,0.1361,28.895,0.4006,0.315,0.813,0.0,7.835,7.835,0.2,117,0,0,0,0
2021,65,2021-03-06,2021-03-13,Kerala,4927.0,5470.0,4.3945,35.255,0.2508,30.3885,0.1032,29.355,0.3598,0.3453,13.381,0.0,110.65,85.923,1.34,247,0,1,0,0
2021,73,2021-03-14,2021-03-21,Karnataka,735.0,1190.0,5.343,35.555,0.3028,30.7173,0.1441,29.05,0.4781,0.3804,0.593,0.0,7.602,7.602,0.17,117,0,0,0,0
2021,73,2021-03-14,2021-03-21,Kerala,3970.0,5472.0,2.9297,36.345,0.1901,30.4829,0.0986,29.29,0.1391,0.4077,1.366,0.0,36.157,36.157,0.31,247,0,1,0,0
2021,81,2021-03-22,2021-03-29,Karnataka,,1193.0,,36.03,,31.1461,,29.85,,0.4634,4.857,0.0,35.125,35.125,0.69,117,0,0,,
2021,81,2021-03-22,2021-03-29,Kerala,637.0,5428.0,0.3995,36.645,0.1986,31.1297,0.1315,28.935,0.0404,0.6131,13.242,0.0,113.5,51.4,1.75,247,0,1,0,0
2021,89,2021-03-30,2021-04-06,Karnataka,,1187.0,,36.12,,29.8282,,29.02,,0.4108,2.405,0.0,16.983,16.983,0.35,117,0,0,,
2021,89,2021-03-30,2021-04-06,Kerala,1282.0,5477.0,0.4149,36.68,0.183,29.7215,0.1216,28.825,0.0418,0.3515,10.47,0.0,93.724,56.332,1.11,247,0,1,0,0
2021,97,2021-04-07,2021-04-14,Karnataka,,1200.0,,34.76,,30.1569,,29.035,,0.4515,14.478,0.0,111.789,65.015,1.84,117,0,0,,
2021,97,2021-04-07,2021-04-14,Kerala,1164.0,5374.0,0.5881,33.345,0.1845,30.1392,0.0904,28.615,0.0652,0.6272,26.171,0.0,99.2,60.698,2.6,247,0,1,0,0
2021,105,2021-04-15,2021-04-22,Karnataka,117.0,1202.0,0.7291,36.625,0.2719,30.7826,0.1143,29.74,0.1474,0.4659,29.021,0.0,125.487,53.4,3.19,117,0,0,0,0
2021,105,2021-04-15,2021-04-22,Kerala,2991.0,5356.0,4.2502,35.005,0.2295,30.9719,0.0844,28.69,0.2222,0.5573,46.693,2.277,159.92,78.952,4.18,247,0,1,0,0
2021,113,2021-04-23,2021-04-30,Karnataka,339.0,1201.0,1.0055,35.45,0.3131,31.093,0.144,29.335,0.1429,0.5424,29.341,4.908,78.63,43.736,3.36,117,0,0,0,0
2021,113,2021-04-23,2021-04-30,Kerala,102.0,5478.0,0.2344,35.735,0.1804,31.0038,0.1295,29.2,0.0264,0.5966,22.92,1.176,95.638,42.929,3.1,247,0,1,0,0
2021,121,2021-05-01,2021-05-08,Karnataka,,1196.0,,36.04,,31.6571,,30.125,,0.546,44.949,5.452,136.766,47.344,4.94,117,0,0,,
2021,121,2021-05-01,2021-05-08,Kerala,1025.0,4993.0,0.5517,35.48,0.2186,31.8402,0.118,29.405,0.0729,0.7245,45.118,0.0,229.4,70.435,4.45,247,0,1,0,0
2021,129,2021-05-09,2021-05-16,Karnataka,,332.0,,34.58,,31.4294,,30.135,,0.5942,102.503,4.802,305.406,202.736,4.84,117,0,0,,
2021,129,2021-05-09,2021-05-16,Kerala,41.0,891.0,0.2094,33.555,0.1557,31.1254,0.1356,29.7,0.0211,0.7662,197.355,6.03,432.472,179.892,5.73,247,0,1,0,0
2021,137,2021-05-17,2021-05-24,Karnataka,85.0,1006.0,3.9489,34.555,1.2509,30.2136,0.177,28.71,1.1969,0.6693,57.778,8.598,208.703,94.06,5.42,117,0,0,0,0
2021,137,2021-05-17,2021-05-24,Kerala,2148.0,5047.0,27.4551,35.335,0.6144,29.9043,0.0995,27.59,2.2972,0.5349,78.71,0.622,184.4,77.462,5.99,247,0,1,0,0
2021,145,2021-05-25,2021-06-01,Karnataka,161.0,1180.0,2.4823,33.995,0.2813,29.1896,0.1869,28.685,0.2506,0.4136,46.424,0.0,242.592,71.304,3.97,117,0,0,0,0
2021,145,2021-05-25,2021-06-01,Kerala,927.0,5175.0,3.6481,33.035,0.2872,29.6368,0.1106,27.33,0.3399,0.478,83.395,0.0,283.449,153.362,4.47,247,0,1,0,0
2021,153,2021-06-02,2021-06-09,Karnataka,573.0,1155.0,6.6828,34.465,0.8151,30.117,0.1011,28.3,0.8993,0.5712,64.107,2.178,225.732,157.691,4.75,117,0,0,0,0
2021,153,2021-06-02,2021-06-09,Kerala,398.0,5299.0,7.0412,34.465,0.9739,29.6076,0.0952,27.415,1.4434,0.6176,58.44,0.0,193.03,114.343,4.73,247,0,1,0,0
2021,161,2021-06-10,2021-06-17,Karnataka,,66.0,,30.595,,29.7464,,28.975,,0.4071,241.323,9.198,760.342,180.068,6.81,117,0,0,,
2021,161,2021-06-10,2021-06-17,Kerala,1479.0,3889.0,12.2143,31.665,0.5882,29.1737,0.1309,25.7,1.0723,0.7263,159.044,0.89,422.148,120.8,6.57,247,0,1,0,0
2021,169,2021-06-18,2021-06-25,Karnataka,7.0,,0.1807,,0.1678,,0.1586,,0.008,,143.807,3.4,459.28,163.048,5.77,117,0,0,0,0
2021,169,2021-06-18,2021-06-25,Kerala,80.0,,28.956,,1.2362,,0.1586,,3.9903,,60.246,0.0,260.24,108.754,4.71,247,0,1,0,0
2021,177,2021-06-26,2021-07-03,Karnataka,401.0,1071.0,9.7662,32.105,1.0515,28.8158,0.1671,27.0,1.6163,0.4901,35.257,0.0,181.83,97.514,3.58,117,0,0,0,0
2021,177,2021-06-26,2021-07-03,Kerala,1900.0,5049.0,39.214,33.24,1.5144,28.6378,0.1347,25.58,2.7426,0.5586,31.602,0.0,124.8,82.946,3.35,247,0,1,0,0
2021,185,2021-07-04,2021-07-11,Karnataka,361.0,501.0,4.3129,30.95,1.3181,28.6235,0.2008,25.955,1.1683,0.671,86.727,3.808,345.248,152.356,4.65,117,0,0,0,0
2021,185,2021-07-04,2021-07-11,Kerala,1841.0,2634.0,29.9288,31.96,2.5359,27.925,0.146,25.395,2.8091,0.5477,97.507,4.29,263.593,152.356,4.97,247,0,1,1,1
2021,193,2021-07-12,2021-07-19,Karnataka,,31.0,,27.99,,27.5208,,27.055,,0.3417,297.224,45.13,825.162,192.617,7.67,117,0,0,,
2021,193,2021-07-12,2021-07-19,Kerala,354.0,1732.0,33.1774,29.59,2.4497,27.9514,0.1734,24.34,4.8489,0.7393,183.98,6.989,498.9,104.949,7.3,247,0,1,1,1
2021,201,2021-07-20,2021-07-27,Karnataka,19.0,693.0,3.7659,30.665,2.5592,27.1053,1.8207,25.555,0.4989,0.3953,240.912,20.68,638.345,285.076,7.39,117,0,0,1,1
2021,201,2021-07-20,2021-07-27,Kerala,589.0,2188.0,6.1838,30.595,1.0984,27.4073,0.2708,24.5,0.6402,0.6731,149.937,0.12,469.981,149.036,6.71,247,0,1,0,0
2021,209,2021-07-28,2021-08-04,Karnataka,,1081.0,,28.635,,27.5543,,25.52,,0.3963,93.298,7.184,420.319,139.975,6.52,117,0,0,,
2021,209,2021-07-28,2021-08-04,Kerala,1713.0,4306.0,32.2611,32.24,2.6083,27.7972,0.1598,24.71,3.3825,0.5084,41.036,0.0,144.994,64.263,5.11,247,0,1,1,1
2021,217,2021-08-05,2021-08-12,Karnataka,75.0,524.0,13.1829,28.285,3.7442,26.4036,0.6173,24.22,2.1652,0.4236,101.535,5.013,462.304,129.815,6.32,117,0,0,1,1
2021,217,2021-08-05,2021-08-12,Kerala,553.0,936.0,25.9615,30.605,6.7411,26.18,0.6404,24.105,4.1468,0.6367,100.199,0.0,357.0,120.4,6.22,247,0,1,1,1
2021,225,2021-08-13,2021-08-20,Karnataka,,141.0,,27.77,,27.2973,,26.44,,0.1996,69.606,5.074,272.213,68.506,6.39,117,0,0,,
2021,225,2021-08-13,2021-08-20,Kerala,226.0,1051.0,9.6074,31.785,2.8007,27.4735,0.2948,25.075,1.583,0.8221,59.49,1.379,175.304,65.211,5.64,247,0,1,1,1
2021,233,2021-08-21,2021-08-28,Karnataka,923.0,1119.0,8.8474,31.085,1.4172,28.6918,0.2059,27.295,1.2254,0.4417,51.785,0.916,324.696,118.987,4.6,117,0,0,0,0
2021,233,2021-08-21,2021-08-28,Kerala,2639.0,4022.0,52.0015,32.955,1.4603,28.5552,0.1997,26.185,3.1088,0.5416,82.748,2.472,180.4,105.311,5.32,247,0,1,0,0
2021,241,2021-08-29,2021-09-05,Karnataka,14.0,544.0,12.3238,29.04,4.6828,27.912,0.6336,26.61,4.9551,0.405,116.287,7.461,363.246,155.29,6.26,117,0,0,1,1
2021,241,2021-08-29,2021-09-05,Kerala,1713.0,3672.0,64.1341,29.6,4.8341,27.8778,0.2576,26.335,5.8896,0.447,93.18,11.543,373.5,130.4,6.24,247,0,1,1,1
2021,249,2021-09-06,2021-09-13,Karnataka,449.0,1014.0,13.5034,28.375,1.7423,27.432,0.6574,26.025,1.5043,0.3017,142.421,0.81,496.239,109.069,6.74,117,0,0,0,0
2021,249,2021-09-06,2021-09-13,Kerala,3326.0,5398.0,36.8524,32.7,1.5471,28.1795,0.3214,26.405,1.4959,0.4245,104.786,0.449,312.027,133.129,5.88,247,0,1,0,0
2021,257,2021-09-14,2021-09-21,Karnataka,148.0,867.0,48.9535,29.96,4.2164,28.5534,0.5351,26.845,5.3472,0.4841,33.288,0.463,128.474,93.533,3.25,117,0,0,1,1
2021,257,2021-09-14,2021-09-21,Kerala,836.0,4864.0,78.2555,32.235,5.7444,28.2683,0.2209,26.435,8.1915,0.5317,36.551,0.0,123.9,80.563,3.64,247,0,1,1,1
2021,265,2021-09-22,2021-09-29,Karnataka,1011.0,1184.0,50.3882,30.87,4.7471,28.8731,0.6101,27.34,4.2059,0.5834,50.711,0.0,178.927,63.415,4.65,117,0,0,1,1
2021,265,2021-09-22,2021-09-29,Kerala,1854.0,5314.0,85.9084,33.635,8.4843,28.6883,0.235,26.725,10.8749,0.4986,67.384,1.785,183.804,120.021,4.17,247,0,1,1,1
2021,273,2021-09-30,2021-10-07,Karnataka,1094.0,1259.0,77.1249,31.405,9.721,29.1652,0.5593,27.345,11.3401,0.4614,107.204,14.604,168.748,85.871,6.34,117,0,0,1,1
2021,273,2021-09-30,2021-10-07,Kerala,2339.0,4030.0,85.1312,31.46,7.4728,28.6118,0.175,26.835,12.2692,0.6911,101.063,22.565,298.736,142.239,6.67,247,0,0,1,1
2021,281,2021-10-08,2021-10-15,Karnataka,581.0,1208.0,41.9504,32.005,5.6764,28.7702,0.3345,27.12,6.0865,0.5595,87.404,12.388,286.751,177.984,5.73,117,0,0,1,1
2021,281,2021-10-08,2021-10-15,Kerala,557.0,3906.0,38.67,33.18,2.6034,28.6141,0.148,26.215,3.566,0.575,144.203,3.4,345.032,214.964,6.54,247,0,0,1,1
2021,289,2021-10-16,2021-10-23,Karnataka,441.0,1185.0,35.1687,33.34,5.7754,29.8427,0.4779,27.765,4.6305,0.7514,62.78,1.863,213.6,115.862,4.25,117,0,0,1,1
2021,289,2021-10-16,2021-10-23,Kerala,1949.0,5068.0,35.1687,33.165,1.7741,29.1945,0.1815,26.9,2.9625,1.1126,150.675,23.426,402.16,267.339,5.78,247,0,0,0,0
2021,297,2021-10-24,2021-10-31,Karnataka,958.0,1246.0,40.0736,33.2,4.4059,30.0646,0.3633,27.825,4.9698,0.5727,38.139,5.007,100.998,62.8,3.39,117,0,0,1,1
2021,297,2021-10-24,2021-10-31,Kerala,3889.0,5181.0,49.5781,33.635,1.7103,29.5521,0.1177,27.775,3.4543,0.4628,73.698,9.777,219.236,110.355,5.75,247,0,0,0,0
2021,305,2021-11-01,2021-11-08,Karnataka,656.0,842.0,80.414,31.88,2.5299,30.0958,0.2293,27.67,5.6846,0.6806,58.403,3.264,169.151,66.2,4.41,117,0,0,1,1
2021,305,2021-11-01,2021-11-08,Kerala,2383.0,2497.0,65.3473,32.355,0.8851,29.771,0.1088,25.02,3.4108,0.8338,90.69,23.11,265.574,130.062,6.02,247,0,0,0,0
2021,313,2021-11-09,2021-11-16,Karnataka,12.0,305.0,1.0313,31.415,0.5321,30.1475,0.2812,27.765,0.2188,0.9061,62.301,4.501,211.737,114.515,4.23,117,0,0,0,0
2021,313,2021-11-09,2021-11-16,Kerala,745.0,1853.0,9.5942,30.41,0.3526,28.8854,0.104,26.84,0.6027,0.6633,125.176,6.758,474.688,177.266,5.97,247,0,0,0,0
2021,321,2021-11-17,2021-11-24,Karnataka,674.0,1229.0,8.6678,32.43,1.3928,29.0218,0.1917,27.36,1.2145,0.5108,86.377,25.128,203.514,131.725,5.93,117,0,0,0,0
2021,321,2021-11-17,2021-11-24,Kerala,2590.0,5242.0,27.087,32.735,1.3339,28.7237,0.1429,27.42,2.622,0.5107,77.812,12.12,201.419,90.757,5.64,247,0,0,0,0
2021,329,2021-11-25,2021-12-02,Karnataka,868.0,1212.0,4.6167,32.09,0.6588,29.8114,0.1196,27.14,0.7128,0.7171,21.156,0.0,98.366,79.684,1.98,117,0,0,0,0
2021,329,2021-11-25,2021-12-02,Kerala,4827.0,5467.0,58.9935,32.225,1.6219,29.2856,0.1196,27.25,3.8874,0.6713,46.19,0.944,179.292,90.282,3.9,247,0,0,0,0
2021,337,2021-12-03,2021-12-10,Karnataka,1176.0,1262.0,61.11,32.57,1.4892,29.2727,0.2121,27.48,3.0196,0.4486,9.051,0.0,74.885,60.238,1.15,117,0,0,0,0
2021,337,2021-12-03,2021-12-10,Kerala,5395.0,5526.0,83.0471,34.16,3.2121,29.2735,0.1623,28.47,7.9142,0.3088,31.058,0.0,263.146,122.73,2.96,247,0,0,1,1
2021,345,2021-12-11,2021-12-18,Karnataka,1151.0,1236.0,68.3295,33.3,2.3366,29.4539,0.2949,25.915,4.4967,0.5527,0.326,0.0,4.332,4.163,0.11,117,0,0,1,1
2021,345,2021-12-11,2021-12-18,Kerala,5364.0,5511.0,84.2371,33.22,2.5286,29.617,0.1774,26.535,5.5627,0.4734,1.436,0.0,14.425,14.425,0.33,247,0,0,1,1
2021,353,2021-12-19,2021-12-26,Karnataka,1114.0,1230.0,68.1498,29.795,1.7835,28.6517,0.2601,26.125,3.7983,0.3666,0.0,0.0,0.0,0.0,0.0,117,0,0,0,0
2021,353,2021-12-19,2021-12-26,Kerala,2330.0,5501.0,26.6017,31.91,0.5325,28.8887,0.1963,26.87,1.515,0.3018,0.142,0.0,6.581,6.581,0.03,247,0,0,0,0
2021,361,2021-12-27,2021-12-31,Karnataka,1155.0,1211.0,60.4622,31.415,2.5683,28.8213,0.4096,26.61,5.4777,0.37,0.0,0.0,0.0,0.0,0.0,117,0,0,1,1
2021,361,2021-12-27,2021-12-31,Kerala,5397.0,5472.0,83.7822,33.445,1.2879,29.0339,0.1795,25.955,5.4952,0.3443,0.102,0.0,2.331,2.331,0.04,247,0,0,0,0
2022,1,2022-01-01,2022-01-08,Karnataka,1175.0,1218.0,61.977,32.77,2.5977,28.991,0.3377,26.715,5.7948,0.3403,0.0,0.0,0.0,0.0,0.0,117,0,0,1,1
2022,1,2022-01-01,2022-01-08,Kerala,5370.0,5498.0,81.7577,34.125,1.0622,29.0631,0.1588,26.88,4.372,0.3475,2.594,0.0,29.049,21.156,0.47,247,0,0,0,0
2022,9,2022-01-09,2022-01-16,Karnataka,1178.0,1217.0,14.3326,31.185,1.4527,28.5609,0.2234,26.62,1.8856,0.2684,0.0,0.0,0.0,0.0,0.0,117,0,0,0,0
2022,9,2022-01-09,2022-01-16,Kerala,4976.0,5480.0,17.8025,33.535,0.5668,28.3797,0.1382,27.54,1.2812,0.3817,0.847,0.0,30.05,30.05,0.11,247,0,0,0,0
2022,17,2022-01-17,2022-01-24,Karnataka,1143.0,1212.0,15.8675,29.03,1.0958,28.2616,0.2384,25.505,1.5676,0.3065,0.432,0.0,23.94,23.94,0.06,117,0,0,0,0
2022,17,2022-01-17,2022-01-24,Kerala,3750.0,5472.0,19.2756,31.96,0.4889,28.4207,0.1527,27.585,1.0198,0.3369,0.698,0.0,34.674,28.231,0.07,247,0,0,0,0
2022,25,2022-01-25,2022-02-01,Karnataka,1137.0,1210.0,7.6552,29.47,1.0341,28.21,0.2214,25.195,1.3377,0.3997,0.0,0.0,0.0,0.0,0.0,117,0,0,0,0
2022,25,2022-01-25,2022-02-01,Kerala,5301.0,5487.0,5.1317,33.605,0.3195,28.8992,0.1286,27.475,0.4139,0.4647,1.467,0.0,34.205,23.507,0.22,247,0,0,0,0
2022,33,2022-02-02,2022-02-09,Karnataka,1149.0,1211.0,12.4733,29.49,1.1949,28.5125,0.2094,27.03,1.8464,0.3457,0.0,0.0,0.0,0.0,0.0,117,0,0,0,0
2022,33,2022-02-02,2022-02-09,Kerala,5300.0,5482.0,8.0128,33.91,0.3453,28.6951,0.0948,27.065,0.6391,0.2632,0.145,0.0,4.496,4.496,0.03,247,0,0,0,0
2022,41,2022-02-10,2022-02-17,Karnataka,735.0,1182.0,6.1436,31.345,0.6736,29.1719,0.1914,27.12,0.9283,0.421,0.137,0.0,4.317,4.317,0.03,117,0,0,0,0
2022,41,2022-02-10,2022-02-17,Kerala,1164.0,5425.0,1.238,35.065,0.2091,29.5111,0.0718,27.85,0.1362,0.5833,6.067,0.0,70.977,36.188,0.65,247,0,0,0,0
2022,49,2022-02-18,2022-02-25,Karnataka,1126.0,1190.0,6.8859,30.96,0.7048,29.1408,0.187,27.66,0.9664,0.2806,0.051,0.0,1.561,1.561,0.02,117,0,0,0,0
2022,49,2022-02-18,2022-02-25,Kerala,4007.0,5471.0,3.8337,34.76,0.2729,29.3984,0.1157,28.34,0.2946,0.2737,0.618,0.0,12.008,12.008,0.14,247,0,0,0,0
2022,57,2022-02-26,2022-03-05,Karnataka,1100.0,1186.0,7.7166,37.88,0.7727,29.5568,0.1702,26.725,1.0951,0.5977,0.0,0.0,0.0,0.0,0.0,117,0,0,0,0
2022,57,2022-02-26,2022-03-05,Kerala,3529.0,5463.0,3.7377,35.9,0.2338,29.7582,0.091,27.93,0.2934,0.5674,0.492,0.0,13.579,13.579,0.07,247,0,0,0,0
2022,65,2022-03-06,2022-03-13,Karnataka,294.0,1188.0,0.7131,32.975,0.2513,29.9928,0.1631,27.08,0.091,0.2951,0.522,0.0,17.655,17.655,0.08,117,0,0,0,0
2022,65,2022-03-06,2022-03-13,Kerala,3676.0,5482.0,6.6208,36.28,0.2007,30.1634,0.099,29.075,0.2321,0.4463,2.661,0.0,22.225,17.655,0.44,247,0,0,0,0
2022,73,2022-03-14,2022-03-21,Karnataka,,1181.0,,31.355,,29.7144,,28.61,,0.6277,5.756,0.0,51.232,50.509,0.74,117,0,0,,
2022,73,2022-03-14,2022-03-21,Kerala,,5135.0,,35.125,,29.5404,,28.355,,0.494,9.559,0.0,96.6,69.4,1.14,247,0,0,,
2022,81,2022-03-22,2022-03-29,Karnataka,,1202.0,,32.255,,29.688,,28.905,,0.369,17.919,0.0,75.662,63.595,2.26,117,0,0,,
2022,81,2022-03-22,2022-03-29,Kerala,1000.0,5485.0,0.9701,35.575,0.1474,30.2948,0.1024,28.915,0.0841,0.526,20.758,0.606,56.518,54.053,2.69,247,0,0,0,0
2022,89,2022-03-30,2022-04-06,Karnataka,,1156.0,,33.675,,29.526,,28.56,,0.455,10.605,0.0,50.911,44.022,1.92,117,0,0,,
2022,89,2022-03-30,2022-04-06,Kerala,,4274.0,,34.785,,29.8686,,28.015,,0.5952,17.232,0.0,64.837,44.022,2.53,247,0,0,,
2022,97,2022-04-07,2022-04-14,Karnataka,,,,,,,,,,,25.726,0.0,139.125,73.09,2.18,117,0,0,,
2022,97,2022-04-07,2022-04-14,Kerala,,,,,,,,,,,77.199,6.243,328.965,90.46,4.97,247,0,0,,
2022,105,2022-04-15,2022-04-22,Karnataka,619.0,1186.0,19.3489,34.865,0.3766,30.9918,0.1328,29.725,1.0929,0.4828,43.941,0.304,168.985,75.769,3.75,117,0,0,0,0
2022,105,2022-04-15,2022-04-22,Kerala,3027.0,5462.0,5.3207,34.2,0.2224,30.6413,0.088,28.585,0.3804,0.4094,34.687,0.972,135.11,72.437,3.51,247,0,0,0,0
2022,113,2022-04-23,2022-04-30,Karnataka,9.0,1199.0,0.2328,34.71,0.229,31.0128,0.222,29.535,0.004,0.4625,16.009,0.0,62.614,38.709,2.03,117,0,0,0,0
2022,113,2022-04-23,2022-04-30,Kerala,2088.0,5199.0,0.6278,35.715,0.1799,31.1267,0.1008,29.375,0.0529,0.5438,27.617,1.794,86.5,52.2,2.93,247,0,0,0,0
2022,121,2022-05-01,2022-05-08,Karnataka,,1149.0,,34.545,,30.1114,,28.505,,0.5646,32.89,0.0,135.6,58.322,3.02,117,0,0,,
2022,121,2022-05-01,2022-05-08,Kerala,,4720.0,,34.775,,29.9529,,26.32,,0.5203,37.334,0.0,111.12,63.572,3.91,247,0,0,,
2022,129,2022-05-09,2022-05-16,Karnataka,,177.0,,31.1,,29.6163,,27.45,,0.461,34.508,0.762,127.0,70.302,3.73,117,1,1,,1
2022,129,2022-05-09,2022-05-16,Kerala,,539.0,,31.33,,30.0052,,27.46,,0.7696,107.67,7.196,347.861,183.379,6.56,247,0,0,,
2022,137,2022-05-17,2022-05-24,Karnataka,,1069.0,,33.745,,28.4248,,27.145,,0.4925,176.332,77.355,338.379,140.931,5.6,117,0,1,,
2022,137,2022-05-17,2022-05-24,Kerala,1034.0,3787.0,44.9104,32.655,6.8605,28.4609,0.2372,26.395,10.3168,0.4571,152.87,0.784,386.462,135.303,6.66,247,0,0,1,1
2022,145,2022-05-25,2022-06-01,Karnataka,243.0,1212.0,2.2634,33.105,0.5055,29.8926,0.1885,28.7,0.4174,0.5009,22.031,0.0,139.196,75.132,2.07,117,0,1,0,0
2022,145,2022-05-25,2022-06-01,Kerala,3560.0,5017.0,28.3478,34.025,1.1035,29.3692,0.1111,26.215,2.1313,0.8383,55.4,0.0,206.046,90.64,4.55,247,0,0,0,0
2022,153,2022-06-02,2022-06-09,Karnataka,16.0,1175.0,0.2598,33.12,0.1999,29.2267,0.1266,28.345,0.0536,0.52,29.32,3.857,77.892,59.653,3.56,117,0,1,0,0
2022,153,2022-06-02,2022-06-09,Kerala,1887.0,5285.0,21.9684,33.545,1.4003,28.5514,0.1266,26.23,2.2658,0.6178,38.04,0.0,182.12,108.982,4.0,247,0,0,0,0
2022,161,2022-06-10,2022-06-17,Karnataka,69.0,193.0,3.7256,33.6,1.2233,29.148,0.1654,28.055,1.2791,0.6734,56.119,0.0,238.544,77.501,4.82,117,0,1,0,0
2022,161,2022-06-10,2022-06-17,Kerala,1540.0,1515.0,80.5542,33.805,2.7854,29.3449,0.1769,26.11,7.755,0.8814,62.839,0.625,216.642,95.944,5.06,247,0,0,1,1
2022,169,2022-06-18,2022-06-25,Karnataka,,6.0,,28.485,,28.275,,27.985,,0.2118,121.218,8.526,468.649,124.434,6.52,117,0,1,,
2022,169,2022-06-18,2022-06-25,Kerala,383.0,1832.0,72.1302,32.665,2.0038,28.5395,0.2043,26.175,5.6247,0.6551,77.014,0.78,196.37,86.675,5.72,247,0,0,1,1
2022,177,2022-06-26,2022-07-03,Karnataka,,75.0,,28.885,,28.0781,,27.125,,0.378,207.234,3.782,573.977,161.26,6.97,117,0,1,,
2022,177,2022-06-26,2022-07-03,Kerala,1576.0,4741.0,26.7289,31.73,2.0345,28.6996,0.1622,23.415,3.2956,0.4039,123.259,1.025,508.804,123.066,6.04,247,0,0,1,1
2022,185,2022-07-04,2022-07-11,Karnataka,,,,,,,,,,,447.454,28.719,1071.445,236.529,7.81,117,0,1,,
2022,185,2022-07-04,2022-07-11,Kerala,96.0,1459.0,14.5633,28.455,5.2249,26.4827,1.628,23.71,3.6997,0.9595,243.844,4.718,811.733,144.766,7.42,247,0,0,1,1
2022,193,2022-07-12,2022-07-19,Karnataka,,433.0,,28.895,,26.3285,,25.43,,0.3941,292.331,17.975,654.156,173.847,7.82,117,0,1,,
2022,193,2022-07-12,2022-07-19,Kerala,543.0,2865.0,49.5084,32.41,7.9924,26.7643,0.7037,24.245,9.2352,0.6415,194.364,2.251,602.09,144.442,7.2,247,0,0,1,1
2022,201,2022-07-20,2022-07-27,Karnataka,816.0,1072.0,85.6955,31.51,3.3685,27.4015,0.5099,25.46,6.1583,0.6547,45.016,0.236,151.908,55.826,5.26,117,0,1,1,1
2022,201,2022-07-20,2022-07-27,Kerala,1455.0,4168.0,85.6955,30.245,5.1415,26.8844,0.2616,23.34,5.9503,0.7334,34.876,0.0,138.504,66.877,4.15,247,0,0,1,1
2022,209,2022-07-28,2022-08-04,Karnataka,621.0,805.0,23.3171,31.905,3.3171,27.1773,0.3413,25.685,3.2144,0.5862,119.554,24.211,381.267,190.979,6.06,117,0,1,1,1
2022,209,2022-07-28,2022-08-04,Kerala,2395.0,4124.0,44.0345,32.01,2.5254,27.3639,0.2964,25.54,3.1046,0.5189,185.96,19.262,481.998,184.175,6.93,247,0,0,1,1
2022,217,2022-08-05,2022-08-12,Karnataka,,644.0,,28.06,,25.5089,,23.555,,0.6315,288.002,19.78,765.416,150.532,7.78,117,0,1,,
2022,217,2022-08-05,2022-08-12,Kerala,2749.0,5173.0,75.9114,31.47,3.2684,27.2414,0.3539,22.89,4.3255,0.8644,184.624,3.854,765.416,161.778,6.59,247,0,0,1,1
2022,225,2022-08-13,2022-08-20,Karnataka,,914.0,,31.165,,26.6629,,25.18,,0.479,36.029,0.101,175.731,49.34,4.44,117,0,1,,
2022,225,2022-08-13,2022-08-20,Kerala,552.0,5479.0,3.8619,33.015,1.2593,27.3413,0.3016,24.61,0.626,0.7722,7.301,0.0,41.21,26.705,1.51,247,0,0,0,0
2022,233,2022-08-21,2022-08-28,Karnataka,20.0,940.0,16.1856,29.95,8.0646,26.8431,2.859,24.475,3.7078,0.5089,126.152,5.398,387.416,153.628,6.74,117,0,1,1,1
2022,233,2022-08-21,2022-08-28,Kerala,1145.0,3440.0,86.1312,30.905,22.2226,26.558,0.3413,24.17,22.9422,0.7883,127.702,2.447,351.526,153.628,5.96,247,0,0,1,1
2022,241,2022-08-29,2022-09-05,Karnataka,875.0,1157.0,28.0923,30.295,2.724,27.0987,0.5345,24.285,2.5101,0.685,106.554,22.44,268.458,145.005,6.17,117,0,1,1,1
2022,241,2022-08-29,2022-09-05,Kerala,3583.0,5237.0,76.7569,31.525,3.5163,27.0415,0.226,23.745,5.1,0.6373,129.025,19.648,268.458,166.535,6.66,247,0,0,1,1
2022,249,2022-09-06,2022-09-13,Karnataka,199.0,534.0,6.7913,30.78,1.9188,26.8364,0.2629,25.73,0.9972,0.4349,138.133,15.13,301.582,106.138,6.95,117,0,1,0,0
2022,249,2022-09-06,2022-09-13,Kerala,2111.0,4670.0,73.9595,28.29,1.9005,27.0419,0.2454,24.035,3.2457,0.3786,114.5,0.861,381.617,106.845,6.59,247,0,0,0,0
2022,257,2022-09-14,2022-09-21,Karnataka,63.0,1168.0,6.4098,31.17,2.5881,27.6598,1.1154,26.265,1.0738,0.6293,39.172,0.0,132.707,64.334,4.7,117,0,1,1,1
2022,257,2022-09-14,2022-09-21,Kerala,2102.0,5474.0,38.6391,32.205,3.4668,28.0375,0.303,25.85,4.0501,0.4968,15.936,0.0,76.307,42.061,2.7,247,0,0,1,1
2022,265,2022-09-22,2022-09-29,Karnataka,1093.0,1208.0,26.9132,32.74,3.1835,28.6425,0.7546,26.715,2.7647,0.5749,13.494,0.0,58.903,32.624,1.8,117,0,1,1,1
2022,265,2022-09-22,2022-09-29,Kerala,4741.0,5407.0,33.185,33.555,2.7783,28.4645,0.2495,26.055,3.7357,0.5802,4.055,0.0,31.957,31.083,0.74,247,0,0,1,1
2022,273,2022-09-30,2022-10-07,Karnataka,,454.0,,29.105,,27.5039,,25.985,,0.7502,52.675,6.846,166.18,72.024,4.7,117,0,1,,
2022,273,2022-09-30,2022-10-07,Kerala,69.0,551.0,60.3582,29.935,3.5189,28.0187,0.3824,25.565,10.0385,0.6386,35.927,1.276,218.556,102.297,3.83,247,0,0,1,1
2022,281,2022-10-08,2022-10-15,Karnataka,1169.0,1211.0,21.6399,31.305,3.488,28.3918,0.7525,26.27,2.5499,0.8312,61.889,3.506,196.313,86.598,4.39,117,0,1,1,1
2022,281,2022-10-08,2022-10-15,Kerala,4778.0,5434.0,80.9614,32.72,2.295,28.8535,0.1428,25.985,3.905,0.7823,65.013,2.012,196.313,133.157,4.06,247,0,0,1,1
2022,289,2022-10-16,2022-10-23,Karnataka,1060.0,1231.0,29.7987,32.9,2.3283,29.3593,0.4312,27.2,2.7994,0.4857,59.454,9.372,231.0,83.143,5.32,117,0,1,1,1
2022,289,2022-10-16,2022-10-23,Kerala,4184.0,4883.0,45.9888,32.64,1.5116,29.5399,0.1934,26.17,2.8594,0.8163,108.513,22.164,236.932,101.299,6.44,247,0,0,0,0
2022,297,2022-10-24,2022-10-31,Karnataka,1082.0,1245.0,74.1825,31.67,1.774,29.5409,0.4129,26.815,3.5129,0.5047,1.292,0.0,28.248,27.157,0.2,117,0,1,0,0
2022,297,2022-10-24,2022-10-31,Kerala,4136.0,5502.0,28.8136,32.835,0.7771,29.3944,0.1572,27.145,1.0802,0.3741,14.982,0.0,107.089,52.644,1.7,247,0,0,0,0
2022,305,2022-11-01,2022-11-08,Karnataka,,1245.0,,34.565,,29.9018,,27.19,,0.5649,11.336,0.0,76.477,51.516,1.42,117,0,1,,
2022,305,2022-11-01,2022-11-08,Kerala,,5350.0,,35.15,,29.5477,,27.52,,0.6297,54.975,1.041,175.79,106.0,4.38,247,0,0,,
2022,313,2022-11-09,2022-11-16,Karnataka,1007.0,1292.0,52.8626,34.01,2.2123,29.5303,0.2361,27.115,4.2833,0.6422,3.233,0.0,38.698,19.583,0.69,117,0,1,1,1
2022,313,2022-11-09,2022-11-16,Kerala,1627.0,3251.0,51.854,34.22,1.0245,29.4881,0.1558,27.065,2.4959,0.7658,47.762,2.399,164.107,91.43,3.79,247,0,0,0,0
2022,321,2022-11-17,2022-11-24,Karnataka,832.0,1259.0,15.6409,33.905,1.2468,28.9656,0.2422,26.72,1.8493,0.5747,2.534,0.0,12.675,10.48,0.74,117,0,1,0,0
2022,321,2022-11-17,2022-11-24,Kerala,3460.0,5589.0,49.3788,33.385,1.1869,29.0809,0.1227,27.08,3.1595,0.5161,6.711,0.0,78.898,77.237,0.74,247,0,0,0,0
2022,329,2022-11-25,2022-12-02,Karnataka,24.0,1300.0,5.5001,33.43,1.5911,29.3765,0.2902,27.635,2.047,0.5187,14.359,0.0,68.748,44.642,1.6,117,0,1,0,0
2022,329,2022-11-25,2022-12-02,Kerala,2539.0,5601.0,23.4851,33.785,0.7079,29.3028,0.1049,27.1,1.3338,0.435,31.992,0.141,210.061,112.6,2.28,247,0,0,0,0
2022,337,2022-12-03,2022-12-10,Karnataka,558.0,1074.0,20.3469,34.225,2.0929,30.0714,0.2184,27.65,2.984,0.6597,0.798,0.0,16.714,16.714,0.1,117,0,1,1,1
2022,337,2022-12-03,2022-12-10,Kerala,999.0,2171.0,20.3469,34.62,0.8978,29.5903,0.1367,25.715,2.1324,0.7225,16.271,0.0,95.819,78.847,1.75,247,0,0,0,0
2022,345,2022-12-11,2022-12-18,Karnataka,1183.0,1252.0,26.0833,32.415,2.8951,29.2122,0.1957,26.195,3.7228,0.5068,23.558,0.996,61.295,48.437,3.11,117,0,1,1,1
2022,345,2022-12-11,2022-12-18,Kerala,5399.0,5646.0,40.9517,35.1,1.0505,29.3307,0.1412,25.875,2.7317,0.5398,56.763,6.528,181.567,139.589,3.66,247,0,0,0,0
2022,353,2022-12-19,2022-12-26,Karnataka,,1275.0,,33.33,,28.8575,,25.795,,0.6501,0.016,0.0,0.503,0.503,0.0,117,0,1,,
2022,353,2022-12-19,2022-12-26,Kerala,,5643.0,,35.11,,29.0603,,26.1,,0.6792,4.105,0.0,26.476,26.476,0.66,247,0,0,,
2022,361,2022-12-27,2022-12-31,Karnataka,,,,,,,,,,,0.0,0.0,0.0,0.0,0.0,117,0,1,,
2022,361,2022-12-27,2022-12-31,Kerala,,,,,,,,,,,3.242,0.0,49.345,29.845,0.49,247,0,0,,
2023,1,2023-01-01,2023-01-08,Karnataka,,,,,,,,,,,0.0,0.0,0.0,0.0,0.0,117,0,1,,
2023,1,2023-01-01,2023-01-08,Kerala,,,,,,,,,,,0.0,0.0,0.0,0.0,0.0,247,0,0,,
2023,9,2023-01-09,2023-01-16,Karnataka,,,,,,,,,,,0.0,0.0,0.0,0.0,0.0,117,0,1,,
2023,9,2023-01-09,2023-01-16,Kerala,,,,,,,,,,,0.0,0.0,0.0,0.0,0.0,247,0,0,,
2023,17,2023-01-17,2023-01-24,Karnataka,1141.0,,73.8346,,1.6395,,0.2047,,3.0995,,0.0,0.0,0.0,0.0,0.0,117,0,1,0,0
2023,17,2023-01-17,2023-01-24,Kerala,4926.0,,8.7949,,0.4911,,0.1863,,0.7497,,0.835,0.0,11.339,11.339,0.2,247,0,0,0,0
2023,25,2023-01-25,2023-02-01,Karnataka,614.0,1214.0,10.0846,34.11,1.5925,28.9513,0.2691,26.36,1.4735,0.5026,0.863,0.0,13.824,13.824,0.15,117,0,1,0,0
2023,25,2023-01-25,2023-02-01,Kerala,2970.0,5340.0,7.095,35.115,0.4787,28.8101,0.1844,27.085,0.6006,0.7424,9.165,0.0,39.766,39.766,0.98,247,0,0,0,0
2023,33,2023-02-02,2023-02-09,Karnataka,780.0,1206.0,73.2334,35.75,0.6746,28.9027,0.1879,26.395,3.7046,0.5252,0.0,0.0,0.0,0.0,0.0,117,0,1,0,0
2023,33,2023-02-02,2023-02-09,Kerala,2397.0,5459.0,3.3217,36.43,0.3693,28.6132,0.1879,27.425,0.2671,0.4918,2.152,0.0,13.392,13.205,0.5,247,0,0,0,0
2023,41,2023-02-10,2023-02-17,Karnataka,981.0,1198.0,9.1021,35.085,0.5265,28.9338,0.1924,25.91,0.8399,0.4705,0.007,0.0,0.376,0.376,0.0,117,0,1,0,0
2023,41,2023-02-10,2023-02-17,Kerala,3410.0,5533.0,7.1808,37.61,0.3152,28.8911,0.157,27.705,0.3605,0.5436,0.0,0.0,0.0,0.0,0.0,247,0,0,0,0
2023,49,2023-02-18,2023-02-25,Karnataka,883.0,1202.0,16.259,35.925,0.7347,29.1921,0.1858,26.535,1.5481,0.5141,0.0,0.0,0.0,0.0,0.0,117,0,1,0,0
2023,49,2023-02-18,2023-02-25,Kerala,4639.0,5542.0,6.7237,36.315,0.3688,29.1577,0.1597,27.71,0.5518,0.5736,0.008,0.0,0.796,0.796,0.0,247,0,0,0,0
2023,57,2023-02-26,2023-03-05,Karnataka,980.0,1186.0,7.8815,33.445,0.623,29.8987,0.2021,25.85,1.1388,0.4122,0.0,0.0,0.0,0.0,0.0,117,0,1,0,0
2023,57,2023-02-26,2023-03-05,Kerala,5289.0,5499.0,11.8663,38.06,0.3956,29.6144,0.0709,26.72,0.7644,0.5862,0.02,0.0,0.556,0.417,0.0,247,0,0,0,0
2023,65,2023-03-06,2023-03-13,Karnataka,1050.0,1180.0,8.8892,31.57,0.5437,30.1958,0.175,26.37,0.7996,0.5218,0.0,0.0,0.0,0.0,0.0,117,0,1,0,0
2023,65,2023-03-06,2023-03-13,Kerala,3268.0,5494.0,4.6032,37.87,0.2805,30.3997,0.115,28.88,0.3479,0.6359,0.083,0.0,4.556,4.556,0.03,247,0,0,0,0
2023,73,2023-03-14,2023-03-21,Karnataka,1051.0,1198.0,4.2277,37.13,0.5081,30.9094,0.1441,30.105,0.719,0.5378,3.808,0.0,29.287,22.577,0.67,117,0,1,0,0
2023,73,2023-03-14,2023-03-21,Kerala,2675.0,5544.0,3.3685,36.98,0.2713,30.3692,0.1246,28.695,0.3075,0.6628,12.226,0.0,79.656,32.979,1.93,247,0,0,0,0
2023,81,2023-03-22,2023-03-29,Karnataka,405.0,1175.0,5.8421,30.615,1.2929,29.32,0.1243,27.86,1.2317,0.3959,0.0,0.0,0.0,0.0,0.0,117,0,1,0,0
2023,81,2023-03-22,2023-03-29,Kerala,1645.0,5491.0,5.8421,39.795,0.2116,29.5516,0.1177,27.86,0.2597,0.5656,11.357,0.0,114.036,67.0,1.05,247,0,0,0,0
2023,89,2023-03-30,2023-04-06,Karnataka,1151.0,1198.0,5.9748,38.065,0.7973,29.5272,0.135,28.305,1.1124,0.8151,0.143,0.0,5.88,3.27,0.05,117,0,1,0,0
2023,89,2023-03-30,2023-04-06,Kerala,4280.0,5551.0,10.1863,38.065,0.4951,29.8529,0.0974,28.305,0.9912,0.7653,21.743,0.0,110.97,62.122,2.48,247,0,0,0,0
2023,97,2023-04-07,2023-04-14,Karnataka,867.0,1189.0,3.2525,38.895,0.255,30.6191,0.114,29.455,0.3072,0.5613,2.218,0.0,34.109,33.995,0.5,117,0,1,0,0
2023,97,2023-04-07,2023-04-14,Kerala,3143.0,5529.0,2.2425,39.96,0.194,30.7171,0.0904,29.3,0.1441,0.6541,7.129,0.0,85.339,42.904,0.97,247,0,0,0,0
2023,105,2023-04-15,2023-04-22,Karnataka,17.0,1198.0,0.1452,39.535,0.1406,31.0938,0.1337,30.025,0.0032,0.7386,2.959,0.0,24.226,19.718,0.45,117,0,1,0,0
2023,105,2023-04-15,2023-04-22,Kerala,2249.0,5542.0,1.9427,39.535,0.1902,30.7474,0.109,29.645,0.1361,0.6179,4.082,0.0,30.479,28.148,0.61,247,1,1,0,1
2023,113,2023-04-23,2023-04-30,Karnataka,1159.0,1193.0,6.5759,37.555,0.6224,30.6084,0.1042,29.97,1.0031,0.5925,15.537,0.0,69.596,51.261,1.69,117,0,1,0,0
2023,113,2023-04-23,2023-04-30,Kerala,3936.0,5506.0,12.5946,39.23,0.2317,30.7211,0.0777,29.28,0.4773,0.7044,50.309,0.018,214.989,79.707,4.02,247,0,1,0,0
2023,121,2023-05-01,2023-05-08,Karnataka,852.0,1190.0,5.6581,39.775,0.6602,31.4678,0.0719,29.525,1.0729,0.8823,5.854,0.0,58.239,55.408,0.95,117,0,1,0,0
2023,121,2023-05-01,2023-05-08,Kerala,535.0,1752.0,0.8185,39.775,0.1329,31.4627,0.0622,29.24,0.0897,0.7468,63.327,0.558,213.247,153.896,4.01,247,0,1,0,0
2023,129,2023-05-09,2023-05-16,Karnataka,346.0,1205.0,4.2094,36.125,0.4856,30.5784,0.1193,29.515,0.5079,0.633,37.383,0.799,107.2,62.979,3.34,117,0,1,0,0
2023,129,2023-05-09,2023-05-16,Kerala,690.0,5018.0,0.1971,37.49,0.0986,30.6077,0.0688,27.67,0.022,0.7592,36.351,0.131,108.236,58.352,3.33,247,0,1,0,0
2023,137,2023-05-17,2023-05-24,Karnataka,212.0,1217.0,5.569,39.89,0.6369,30.5676,0.1963,29.42,0.9425,1.0606,23.007,0.901,87.2,87.2,1.9,117,0,1,0,0
2023,137,2023-05-17,2023-05-24,Kerala,1473.0,5609.0,40.762,38.1,0.2907,30.5801,0.0693,29.315,1.5371,0.7235,29.293,0.348,130.131,105.359,3.21,247,0,1,0,0
2023,145,2023-05-25,2023-06-01,Karnataka,796.0,1215.0,6.1862,39.42,0.6494,31.0933,0.078,29.88,0.819,0.7521,29.099,1.6,105.6,76.538,2.69,117,0,1,0,0
2023,145,2023-05-25,2023-06-01,Kerala,2762.0,5426.0,2.5677,35.61,0.1337,31.2234,0.0539,28.945,0.1107,0.747,30.7,0.994,135.09,61.879,3.53,247,0,1,0,0
2023,153,2023-06-02,2023-06-09,Karnataka,432.0,1171.0,3.8394,38.485,0.3884,30.9449,0.0709,29.525,0.5317,0.9847,6.627,0.0,34.728,31.445,1.25,117,0,1,0,0
2023,153,2023-06-02,2023-06-09,Kerala,630.0,4344.0,4.0295,38.485,0.1763,30.5306,0.0745,27.755,0.317,0.689,39.754,0.0,125.93,89.245,3.17,247,0,1,0,0
2023,161,2023-06-10,2023-06-17,Karnataka,,1093.0,,33.745,,29.8591,,28.78,,0.4333,42.115,0.0,160.194,49.607,4.1,117,0,1,,
2023,161,2023-06-10,2023-06-17,Kerala,3067.0,5142.0,69.948,33.35,1.7961,29.8419,0.1084,26.375,5.6768,0.5483,56.215,0.0,167.884,49.95,5.08,247,0,1,0,0
2023,169,2023-06-18,2023-06-25,Karnataka,,280.0,,34.82,,30.6462,,28.87,,0.7461,77.279,1.221,349.587,107.229,4.8,117,0,1,,
2023,169,2023-06-18,2023-06-25,Kerala,7.0,1986.0,4.2933,32.555,2.6653,28.8679,1.1412,26.595,1.3276,0.6094,40.111,0.201,123.16,52.818,4.24,247,0,1,1,1
2023,177,2023-06-26,2023-07-03,Karnataka,,103.0,,29.455,,28.6692,,27.79,,0.3953,142.791,0.0,550.455,144.775,6.35,117,0,0,,
2023,177,2023-06-26,2023-07-03,Kerala,797.0,2305.0,29.6716,33.2,1.2108,28.9666,0.1041,27.07,3.2575,0.6676,92.755,0.364,305.736,138.143,5.91,247,0,1,0,0
2023,185,2023-07-04,2023-07-11,Karnataka,,25.0,,28.295,,27.8064,,27.415,,0.3006,284.909,14.951,777.805,253.323,7.38,117,0,0,,
2023,185,2023-07-04,2023-07-11,Kerala,500.0,2996.0,33.2907,32.655,5.6456,28.2363,0.6035,24.99,3.2184,0.6629,249.003,2.218,622.707,200.266,6.59,247,0,1,1,1
2023,193,2023-07-12,2023-07-19,Karnataka,,189.0,,28.62,,27.9632,,26.86,,0.353,136.3,0.0,475.091,156.693,6.88,117,0,0,,
2023,193,2023-07-12,2023-07-19,Kerala,728.0,2486.0,63.2287,30.38,5.8412,27.842,0.1015,24.25,9.7414,0.8883,45.447,0.101,178.281,58.017,5.07,247,0,1,1,1
2023,201,2023-07-20,2023-07-27,Karnataka,,,,,,,,,,,395.558,56.759,926.049,221.671,7.98,117,0,0,,
2023,201,2023-07-20,2023-07-27,Kerala,902.0,3139.0,61.0259,31.155,5.4365,27.9711,0.128,24.94,8.5727,0.8753,188.51,4.57,677.53,169.37,6.84,247,0,1,1,1
2023,209,2023-07-28,2023-08-04,Karnataka,2.0,1161.0,1.2843,31.26,1.2843,27.2825,1.2843,25.605,0.0,0.5901,62.518,1.938,226.835,82.76,6.06,117,0,0,0,0
2023,209,2023-07-28,2023-08-04,Kerala,3568.0,5522.0,84.6369,32.585,4.7387,27.8877,0.145,24.875,8.7825,0.8311,18.394,0.0,127.149,70.76,3.01,247,0,1,1,1
2023,217,2023-08-05,2023-08-12,Karnataka,21.0,1180.0,6.55,32.14,4.0521,27.4753,1.9252,25.865,1.4226,0.6362,37.881,0.106,153.279,57.258,4.05,117,0,0,1,1
2023,217,2023-08-05,2023-08-12,Kerala,965.0,5166.0,17.3686,33.44,3.3997,27.7654,0.1589,21.21,2.7396,0.9096,20.958,0.0,93.689,48.449,2.89,247,0,1,1,1
2023,225,2023-08-13,2023-08-20,Karnataka,18.0,1198.0,5.6819,31.365,3.8632,27.5602,2.0146,25.555,1.4492,0.7042,44.091,0.978,153.996,92.445,3.38,117,0,0,1,1
2023,225,2023-08-13,2023-08-20,Kerala,1255.0,5588.0,63.6712,34.27,2.5206,28.3941,0.1878,24.405,5.3816,0.972,17.339,0.0,85.219,46.518,2.02,247,0,1,1,1
2023,233,2023-08-21,2023-08-28,Karnataka,80.0,1202.0,6.8403,33.11,1.605,28.8903,0.3888,25.72,1.4764,1.0272,8.835,0.0,61.471,37.756,1.65,117,0,0,0,0
2023,233,2023-08-21,2023-08-28,Kerala,3278.0,5498.0,74.0096,35.4,3.1994,28.5269,0.156,25.72,6.7994,0.9307,1.834,0.0,19.441,12.559,0.57,247,0,1,1,1
2023,241,2023-08-29,2023-09-05,Karnataka,1046.0,1245.0,51.9337,33.495,2.827,29.4431,0.3593,27.565,4.3736,0.799,13.448,0.277,53.886,50.415,2.57,117,0,0,1,1
2023,241,2023-08-29,2023-09-05,Kerala,2013.0,3456.0,68.6007,35.27,2.4221,29.3553,0.1967,27.24,5.2162,0.7328,66.867,0.0,363.775,145.383,4.44,247,0,1,1,1
2023,249,2023-09-06,2023-09-13,Karnataka,,735.0,,32.59,,28.8367,,27.36,,0.6799,84.561,2.359,310.686,89.572,5.91,117,0,0,,
2023,249,2023-09-06,2023-09-13,Kerala,,2410.0,,34.095,,28.9649,,26.905,,0.6148,119.247,0.29,310.686,98.959,6.36,247,0,1,,
2023,257,2023-09-14,2023-09-21,Karnataka,,,,,,,,,,,77.725,0.704,280.395,122.994,5.77,117,0,0,,
2023,257,2023-09-14,2023-09-21,Kerala,,,,,,,,,,,74.718,0.173,199.396,86.771,5.66,247,0,1,,
2023,265,2023-09-22,2023-09-29,Karnataka,,,,,,,,,,,64.891,0.928,243.183,77.11,5.05,117,0,0,,
2023,265,2023-09-22,2023-09-29,Kerala,,,,,,,,,,,85.68,0.089,248.219,136.504,5.51,247,0,1,,
2023,273,2023-09-30,2023-10-07,Karnataka,,,,,,,,,,,61.038,0.0,206.256,138.229,2.76,117,0,0,,
2023,273,2023-09-30,2023-10-07,Kerala,,,,,,,,,,,101.642,0.202,323.355,126.0,3.69,247,0,1,,
2023,281,2023-10-08,2023-10-15,Karnataka,76.0,,0.2256,,0.1995,,0.1814,,0.0119,,33.712,0.0,154.862,84.144,2.68,117,0,0,0,0
2023,281,2023-10-08,2023-10-15,Kerala,3581.0,,22.0114,,0.5827,,0.0802,,1.0891,,94.631,15.01,262.695,164.676,4.86,247,0,1,0,0
2023,289,2023-10-16,2023-10-23,Karnataka,28.0,1290.0,1.2624,33.985,0.4749,30.4877,0.155,27.82,0.3854,0.586,17.387,0.0,77.826,44.742,1.93,117,0,0,0,0
2023,289,2023-10-16,2023-10-23,Kerala,3504.0,5527.0,43.7759,33.255,0.5563,30.2465,0.0851,27.905,1.6476,0.5427,45.602,0.0,157.846,73.433,3.69,247,0,1,0,0
2023,297,2023-10-24,2023-10-31,Karnataka,38.0,1322.0,3.5652,33.415,1.2345,30.6647,0.4985,28.465,0.7496,0.4666,16.748,0.0,63.662,43.597,1.48,117,0,0,0,0
2023,297,2023-10-24,2023-10-31,Kerala,866.0,5523.0,3.8058,35.83,0.4621,30.2737,0.0945,28.455,0.5658,0.5989,40.352,0.0,191.863,76.477,3.8,247,0,1,0,0
2023,305,2023-11-01,2023-11-08,Karnataka,92.0,791.0,10.3748,32.74,1.3834,31.1332,0.1401,26.875,1.8244,0.7317,54.163,0.717,164.547,76.577,3.56,117,0,0,0,0
2023,305,2023-11-01,2023-11-08,Kerala,2808.0,4510.0,16.6004,34.365,0.7441,30.3178,0.0853,27.215,1.4234,0.5726,95.096,24.373,227.637,139.0,5.76,247,0,1,0,0
2023,313,2023-11-09,2023-11-16,Karnataka,910.0,1291.0,14.5089,34.57,1.0729,31.2903,0.1516,28.035,1.5752,0.7988,31.405,0.737,124.787,105.581,2.0,117,0,0,0,0
2023,313,2023-11-09,2023-11-16,Kerala,2431.0,5562.0,11.617,35.53,0.476,30.4856,0.0794,27.465,0.8917,0.7266,45.776,4.266,129.027,105.581,2.92,247,0,1,0,0
2023,321,2023-11-17,2023-11-24,Karnataka,555.0,1288.0,6.6307,34.56,1.237,30.9075,0.1489,28.555,1.099,0.7472,4.069,0.0,36.312,33.165,0.68,117,0,0,0,0
2023,321,2023-11-17,2023-11-24,Kerala,1769.0,5226.0,9.3944,34.78,0.4542,30.2609,0.0757,27.675,0.5881,0.8759,57.452,0.163,200.672,98.415,3.0,247,0,1,0,0
2023,329,2023-11-25,2023-12-02,Karnataka,1047.0,1272.0,10.6797,33.815,1.1822,30.4614,0.1308,28.35,1.3515,0.5913,6.603,0.0,43.069,43.069,0.84,117,0,0,0,0
2023,329,2023-11-25,2023-12-02,Kerala,5075.0,5590.0,20.1119,35.205,0.5101,30.6473,0.0718,28.47,1.1974,0.6006,11.687,0.0,68.166,60.568,1.64,247,0,1,0,0
2023,337,2023-12-03,2023-12-10,Karnataka,459.0,1236.0,8.9744,34.535,0.8347,30.1277,0.1575,27.845,1.3482,0.73,8.727,0.0,51.243,51.133,0.65,117,0,0,0,0
2023,337,2023-12-03,2023-12-10,Kerala,3404.0,5317.0,17.6369,34.77,0.3237,30.5246,0.0478,27.69,0.7724,0.8237,30.549,0.0,136.155,102.702,1.98,247,0,1,0,0
2023,345,2023-12-11,2023-12-18,Karnataka,924.0,1278.0,7.5862,35.155,0.8736,30.1803,0.1455,27.045,1.2023,0.6123,5.015,0.0,80.682,80.399,0.56,117,0,0,0,0
2023,345,2023-12-11,2023-12-18,Kerala,1967.0,5386.0,4.6687,37.575,0.3465,30.3279,0.0803,27.34,0.5569,0.7402,26.933,0.0,223.733,206.013,1.67,247,0,1,0,0
2023,353,2023-12-19,2023-12-26,Karnataka,1174.0,1304.0,9.6834,35.125,0.9325,30.32,0.152,27.585,1.3711,0.6936,0.009,0.0,0.366,0.366,0.0,117,0,0,0,0
2023,353,2023-12-19,2023-12-26,Kerala,5393.0,5668.0,11.2369,36.185,0.3539,30.1706,0.0814,26.77,0.6766,0.6147,1.867,0.0,25.537,18.381,0.43,247,0,1,0,0
2023,361,2023-12-27,2023-12-31,Karnataka,1167.0,1263.0,9.2204,36.45,1.0095,30.0654,0.1478,27.185,1.4114,0.6954,0.0,0.0,0.0,0.0,0.0,117,0,0,0,0
2023,361,2023-12-27,2023-12-31,Kerala,4907.0,5486.0,21.8745,38.56,0.3079,30.3724,0.0809,28.2,0.7279,0.7894,0.525,0.0,13.834,13.743,0.1,247,0,1,0,0
2024,1,2024-01-01,2024-01-08,Karnataka,850.0,1178.0,2.8934,33.745,0.4222,30.0331,0.1256,27.04,0.4467,0.6645,18.491,0.0,72.582,32.891,2.02,117,0,0,0,0
2024,1,2024-01-01,2024-01-08,Kerala,2755.0,5252.0,2.8285,36.06,0.2111,30.4853,0.0956,27.765,0.2272,0.7072,37.94,0.26,138.053,93.977,2.79,247,0,1,0,0
2024,9,2024-01-09,2024-01-16,Karnataka,1114.0,1269.0,10.8906,34.34,0.9901,30.0125,0.1568,26.485,1.4349,0.5768,8.262,0.0,62.225,44.066,0.72,117,0,0,0,0
2024,9,2024-01-09,2024-01-16,Kerala,4195.0,5643.0,8.6282,36.245,0.2612,29.797,0.0937,24.115,0.5081,0.6271,10.496,0.0,55.417,41.257,1.15,247,0,1,0,0
2024,17,2024-01-17,2024-01-24,Karnataka,1064.0,1228.0,9.0035,34.075,1.0975,29.5789,0.1169,28.25,1.4081,0.479,0.0,0.0,0.0,0.0,0.0,117,0,0,0,0
2024,17,2024-01-17,2024-01-24,Kerala,3430.0,5615.0,7.0648,36.32,0.2481,29.7446,0.0758,26.9,0.54,0.5653,0.72,0.0,8.946,8.125,0.19,247,0,1,0,0
2024,25,2024-01-25,2024-02-01,Karnataka,1133.0,1241.0,9.2356,36.65,1.0448,29.5475,0.1353,26.21,1.3687,0.6366,0.0,0.0,0.0,0.0,0.0,117,0,0,0,0
2024,25,2024-01-25,2024-02-01,Kerala,4654.0,5617.0,47.5321,36.495,0.3755,29.6216,0.0552,27.525,1.2274,0.586,0.534,0.0,27.513,27.513,0.07,247,0,1,0,0
2024,33,2024-02-02,2024-02-09,Karnataka,1172.0,1234.0,7.4888,34.98,0.9854,29.8811,0.1449,27.33,1.2871,0.8172,0.0,0.0,0.0,0.0,0.0,117,0,0,0,0
2024,33,2024-02-02,2024-02-09,Kerala,5004.0,5593.0,6.4849,36.665,0.3526,29.7846,0.0856,26.93,0.722,0.6339,0.205,0.0,10.384,10.384,0.06,247,0,1,0,0
2024,41,2024-02-10,2024-02-17,Karnataka,1107.0,1205.0,8.554,35.87,0.6979,30.4094,0.1273,27.43,0.9735,0.595,0.0,0.0,0.0,0.0,0.0,117,0,0,0,0
2024,41,2024-02-10,2024-02-17,Kerala,5259.0,5540.0,31.1749,37.005,0.2922,30.0834,0.1044,25.98,0.8095,0.5805,0.0,0.0,0.0,0.0,0.0,247,0,1,0,0
2024,49,2024-02-18,2024-02-25,Karnataka,1180.0,1218.0,13.2735,35.61,1.0736,30.2529,0.1294,29.56,1.5773,0.6725,0.0,0.0,0.0,0.0,0.0,117,0,0,0,0
2024,49,2024-02-18,2024-02-25,Kerala,5044.0,5581.0,9.6974,37.615,0.283,29.9442,0.0872,27.98,0.6557,0.6769,0.14,0.0,3.353,3.353,0.05,247,0,1,0,0
2024,57,2024-02-26,2024-03-04,Karnataka,1072.0,1218.0,4.102,37.54,0.6472,30.2063,0.117,29.455,0.7696,0.9229,0.0,0.0,0.0,0.0,0.0,117,0,0,0,0
2024,57,2024-02-26,2024-03-04,Kerala,5294.0,5503.0,5.3062,36.99,0.265,30.1171,0.0905,28.33,0.505,0.5848,0.0,0.0,0.0,0.0,0.0,247,0,1,0,0
2024,65,2024-03-05,2024-03-12,Karnataka,404.0,1214.0,5.5778,36.43,0.9502,30.3023,0.1406,29.145,1.3151,0.7087,0.0,0.0,0.0,0.0,0.0,117,0,0,0,0
2024,65,2024-03-05,2024-03-12,Kerala,1268.0,5557.0,0.2822,39.695,0.1371,30.7114,0.1058,29.645,0.0181,0.6367,0.109,0.0,2.685,2.685,0.04,247,0,1,0,0
2024,73,2024-03-13,2024-03-20,Karnataka,,1213.0,,35.985,,30.0963,,29.46,,0.6473,0.0,0.0,0.0,0.0,0.0,117,0,0,,
2024,73,2024-03-13,2024-03-20,Kerala,1162.0,5573.0,0.5221,38.05,0.1346,30.1046,0.0946,29.415,0.0333,0.741,0.406,0.0,6.497,6.497,0.12,247,1,2,0,1
2024,81,2024-03-21,2024-03-28,Karnataka,,1190.0,,36.125,,30.0329,,29.23,,0.6188,0.938,0.0,18.036,17.658,0.12,117,0,0,,
2024,81,2024-03-21,2024-03-28,Kerala,3428.0,5488.0,1.3008,38.37,0.1447,30.8192,0.0921,29.465,0.0573,0.5231,1.934,0.0,24.225,24.225,0.28,247,0,2,0,0
2024,89,2024-03-29,2024-04-05,Karnataka,,1203.0,,38.125,,30.5482,,29.22,,0.8044,0.249,0.0,7.148,7.148,0.06,117,0,0,,
2024,89,2024-03-29,2024-04-05,Kerala,,5565.0,,39.595,,31.0093,,29.69,,0.7065,5.431,0.0,61.012,30.037,0.9,247,0,2,,
2024,97,2024-04-06,2024-04-13,Karnataka,70.0,1219.0,0.1969,39.115,0.1632,31.4,0.1325,30.42,0.011,0.9707,2.318,0.0,44.902,44.902,0.42,117,0,0,0,0
2024,97,2024-04-06,2024-04-13,Kerala,3842.0,5572.0,3.5473,39.83,0.1609,32.1951,0.0787,30.685,0.1587,0.7527,12.761,0.0,118.701,80.023,1.1,247,0,2,0,0
2024,105,2024-04-14,2024-04-21,Karnataka,714.0,1215.0,1.7388,38.375,0.2864,31.6813,0.1279,30.4,0.218,0.7613,24.564,0.0,107.444,101.712,2.06,117,0,0,0,0
2024,105,2024-04-14,2024-04-21,Kerala,851.0,4385.0,1.3769,39.265,0.1754,31.2274,0.081,28.24,0.1243,0.6768,7.32,0.0,36.233,29.87,1.18,247,0,2,0,0
2024,113,2024-04-22,2024-04-29,Karnataka,410.0,1217.0,0.9501,38.155,0.2112,31.879,0.1319,30.135,0.1234,0.8037,2.215,0.0,32.808,32.808,0.39,117,0,0,0,0
2024,113,2024-04-22,2024-04-29,Kerala,1842.0,5538.0,2.1989,38.655,0.2461,32.3135,0.0746,30.135,0.1905,0.8891,6.729,0.0,72.266,53.0,0.98,247,0,2,0,0
2024,121,2024-04-30,2024-05-07,Karnataka,,,,,,,,,,,1.894,0.0,30.501,30.221,0.3,117,0,0,,
2024,121,2024-04-30,2024-05-07,Kerala,,,,,,,,,,,11.743,0.0,55.352,46.304,1.42,247,0,2,,
2024,129,2024-05-08,2024-05-15,Karnataka,,,,,,,,,,,33.358,0.0,126.359,75.105,3.08,117,0,0,,
2024,129,2024-05-08,2024-05-15,Kerala,,,,,,,,,,,64.665,6.042,150.321,91.493,4.92,247,0,2,,
2024,137,2024-05-16,2024-05-23,Karnataka,,,,,,,,,,,105.193,0.0,254.211,119.305,5.99,117,0,0,,
2024,137,2024-05-16,2024-05-23,Kerala,,,,,,,,,,,183.762,5.72,409.265,184.598,7.16,247,0,2,,
2024,145,2024-05-24,2024-05-31,Karnataka,,,,,,,,,,,43.568,0.0,220.985,120.309,2.52,117,0,0,,
2024,145,2024-05-24,2024-05-31,Kerala,,,,,,,,,,,121.818,0.544,513.6,137.842,4.62,247,0,2,,
2024,153,2024-06-01,2024-06-08,Karnataka,,649.0,,36.935,,30.4756,,25.38,,0.8963,65.198,0.0,303.47,193.304,4.62,117,0,0,,
2024,153,2024-06-01,2024-06-08,Kerala,106.0,1457.0,9.1873,32.48,1.5339,29.0498,0.2189,25.895,1.9458,0.6858,77.529,3.521,293.71,116.348,5.57,247,0,1,0,0
2024,161,2024-06-09,2024-06-16,Karnataka,,287.0,,32.025,,29.3563,,27.68,,0.5287,107.218,0.0,356.4,172.995,5.51,117,0,0,,
2024,161,2024-06-09,2024-06-16,Kerala,480.0,3951.0,17.369,34.675,0.9404,29.8046,0.1267,26.93,1.6959,0.6609,70.376,0.0,238.848,77.716,4.97,247,0,1,0,0
2024,169,2024-06-17,2024-06-24,Karnataka,60.0,698.0,0.8888,33.145,0.4,29.8842,0.1531,27.8,0.2205,0.7593,76.019,0.0,228.613,83.57,5.01,117,0,0,0,0
2024,169,2024-06-17,2024-06-24,Kerala,256.0,3228.0,0.9189,35.735,0.2491,29.6062,0.098,27.58,0.1594,0.962,87.399,0.0,343.585,109.751,5.7,247,0,1,0,0
2024,177,2024-06-25,2024-07-02,Karnataka,,394.0,,29.37,,28.4672,,26.635,,0.5511,211.64,0.0,616.536,212.555,6.82,117,0,0,,
2024,177,2024-06-25,2024-07-02,Kerala,437.0,2917.0,73.3473,31.48,6.8146,28.0592,0.1569,25.025,13.8235,0.5385,202.172,1.938,572.03,196.837,7.01,247,0,1,1,1
2024,185,2024-07-03,2024-07-10,Karnataka,,26.0,,30.56,,28.4621,,27.97,,0.6831,212.895,0.154,720.002,233.491,6.69,117,0,0,,
2024,185,2024-07-03,2024-07-10,Kerala,,2788.0,,33.31,,28.3512,,26.13,,0.6839,84.144,0.57,283.121,91.737,6.14,247,0,1,,
2024,193,2024-07-11,2024-07-18,Karnataka,,,,,,,,,,,319.787,0.763,959.745,263.773,7.24,117,0,0,,
2024,193,2024-07-11,2024-07-18,Kerala,,,,,,,,,,,260.124,7.231,760.005,240.513,6.6,247,0,1,,
2024,201,2024-07-19,2024-07-26,Karnataka,,,,,,,,,,,324.831,16.34,852.986,179.225,7.84,117,0,0,,
2024,201,2024-07-19,2024-07-26,Kerala,,,,,,,,,,,138.977,3.873,523.198,160.347,6.26,247,0,1,,
2024,209,2024-07-27,2024-08-03,Karnataka,,,,,,,,,,,315.965,22.079,970.981,239.594,7.08,117,0,0,,
2024,209,2024-07-27,2024-08-03,Kerala,,,,,,,,,,,228.488,6.817,624.643,262.363,6.78,247,0,1,,
2024,217,2024-08-04,2024-08-11,Karnataka,17.0,483.0,0.8437,28.52,0.7309,27.8877,0.5993,26.625,0.0818,0.3767,93.584,3.219,412.947,121.32,5.92,117,0,0,0,0
2024,217,2024-08-04,2024-08-11,Kerala,1414.0,3130.0,76.6566,31.92,5.4233,27.6247,0.1228,25.3,7.1842,0.9504,35.956,0.0,186.846,71.939,4.27,247,0,1,1,1
2024,225,2024-08-12,2024-08-19,Karnataka,1.0,1167.0,0.2093,32.815,0.2093,28.1287,0.2093,25.47,0.0,0.8053,56.459,7.869,131.97,61.102,4.91,117,0,0,0,0
2024,225,2024-08-12,2024-08-19,Kerala,475.0,4982.0,4.3069,33.965,1.5452,27.7973,0.1913,24.03,1.0206,0.9929,62.536,8.349,221.688,109.641,5.24,247,0,1,0,0
2024,233,2024-08-20,2024-08-27,Karnataka,531.0,871.0,5.8897,32.605,0.8313,28.0599,0.2151,26.045,0.691,0.5475,97.013,8.347,289.207,109.157,5.6,117,0,0,0,0
2024,233,2024-08-20,2024-08-27,Kerala,2514.0,4970.0,28.7351,32.92,2.1167,28.3012,0.1308,25.44,2.8954,0.621,51.78,0.327,150.177,116.054,4.56,247,0,1,1,1
2024,241,2024-08-28,2024-09-04,Karnataka,,,,,,,,,,,111.326,2.997,418.923,83.841,6.38,117,0,0,,
2024,241,2024-08-28,2024-09-04,Kerala,,,,,,,,,,,108.089,0.0,320.8,125.8,6.2,247,0,1,,
2024,249,2024-09-05,2024-09-12,Karnataka,,,,,,,,,,,82.865,0.0,296.813,62.221,5.97,117,0,0,,
2024,249,2024-09-05,2024-09-12,Kerala,,,,,,,,,,,61.757,0.0,178.774,46.385,5.72,247,0,1,,
2024,257,2024-09-13,2024-09-20,Karnataka,,,,,,,,,,,21.012,0.0,85.92,42.806,3.15,117,0,0,,
2024,257,2024-09-13,2024-09-20,Kerala,,,,,,,,,,,7.884,0.0,65.956,35.688,1.71,247,0,1,,
2024,265,2024-09-21,2024-09-28,Karnataka,729.0,1059.0,79.0071,32.87,7.1903,29.4553,0.6002,27.29,7.2293,0.7109,76.378,2.41,304.47,112.29,5.0,117,0,0,1,1
2024,265,2024-09-21,2024-09-28,Kerala,2150.0,4822.0,80.9912,33.755,3.9153,29.0946,0.1939,26.385,7.4323,0.6654,23.669,0.0,129.389,55.447,3.32,247,0,1,1,1
2024,273,2024-09-29,2024-10-06,Karnataka,949.0,1361.0,33.4605,35.17,3.3719,29.1542,0.7391,27.53,2.4669,0.9306,35.315,1.969,183.155,117.247,3.81,117,0,0,1,1
2024,273,2024-09-29,2024-10-06,Kerala,2221.0,3908.0,69.2066,34.43,5.2735,29.1534,0.201,27.04,6.3105,0.885,48.29,2.3,157.035,70.517,4.23,247,0,1,1,1
2024,281,2024-10-07,2024-10-14,Karnataka,516.0,1077.0,85.6663,33.665,15.5705,29.6919,0.5119,27.82,14.7627,0.8336,95.885,0.0,246.658,140.713,6.49,117,0,0,1,1
2024,281,2024-10-07,2024-10-14,Kerala,131.0,1271.0,4.8091,31.895,0.7117,29.4342,0.2,27.2,1.087,0.6991,102.471,9.452,344.109,175.877,6.19,247,0,1,0,0
2024,289,2024-10-15,2024-10-22,Karnataka,1137.0,1318.0,11.5713,33.345,1.8149,30.6258,0.2008,26.535,2.2698,0.6025,97.812,16.706,189.044,92.511,5.97,117,0,0,0,0
2024,289,2024-10-15,2024-10-22,Kerala,5311.0,5635.0,55.1679,34.02,0.8408,30.2148,0.1016,27.25,2.2423,0.6496,53.141,0.536,239.249,86.332,5.44,247,0,1,0,0
2024,297,2024-10-23,2024-10-30,Karnataka,45.0,1355.0,1.2157,33.33,0.4253,30.2057,0.2492,28.04,0.2322,0.5141,15.417,0.0,72.523,70.307,1.93,117,0,0,0,0
2024,297,2024-10-23,2024-10-30,Kerala,3462.0,5692.0,5.9409,34.36,0.3875,29.8295,0.131,26.94,0.4899,0.6736,50.502,0.0,223.479,70.393,3.8,247,0,1,0,0
2024,305,2024-10-31,2024-11-07,Karnataka,611.0,1443.0,2.1828,34.59,0.3154,30.4367,0.1742,27.775,0.2164,0.6305,27.332,0.0,97.35,65.599,2.74,117,0,0,0,0
2024,305,2024-10-31,2024-11-07,Kerala,4376.0,5723.0,5.4448,34.59,0.2935,30.2656,0.0899,27.875,0.3427,0.4324,56.041,0.335,252.943,101.279,4.0,247,0,1,0,0
2024,313,2024-11-08,2024-11-15,Karnataka,327.0,1371.0,69.9729,34.315,1.2381,30.6152,0.1456,26.485,6.1644,0.7255,11.39,0.0,50.984,50.984,0.98,117,0,0,0,0
2024,313,2024-11-08,2024-11-15,Kerala,1329.0,5650.0,2.7248,34.68,0.1781,30.3108,0.0989,26.485,0.1895,0.506,18.641,0.0,94.794,59.4,2.27,247,0,1,0,0
2024,321,2024-11-16,2024-11-23,Karnataka,1064.0,1369.0,34.2722,34.74,1.6321,30.3241,0.1315,26.835,3.5043,0.8616,4.37,0.0,34.344,30.666,0.75,117,0,0,0,0
2024,321,2024-11-16,2024-11-23,Kerala,2602.0,4610.0,16.1407,34.81,0.4983,30.2721,0.0972,26.31,1.3668,0.7294,19.318,0.0,80.683,65.214,2.64,247,0,1,0,0
2024,329,2024-11-24,2024-12-01,Karnataka,34.0,1214.0,14.472,33.12,1.7779,29.4771,0.2257,24.68,3.5269,0.8383,0.0,0.0,0.0,0.0,0.0,117,0,0,0,0
2024,329,2024-11-24,2024-12-01,Kerala,393.0,3360.0,2.3143,34.035,0.3673,29.9545,0.1168,27.74,0.2719,0.6769,5.689,0.0,54.035,51.731,0.9,247,0,1,0,0
2024,337,2024-12-02,2024-12-09,Karnataka,796.0,,41.4674,,2.261,,0.1459,,4.5946,,48.261,2.054,203.674,189.379,3.16,117,0,0,1,1
2024,337,2024-12-02,2024-12-09,Kerala,4131.0,,12.9025,,0.4398,,0.0869,,1.0024,,81.137,0.411,224.093,189.379,3.16,247,0,1,0,0
2024,345,2024-12-10,2024-12-17,Karnataka,841.0,1395.0,11.3982,34.015,0.8048,29.5294,0.1452,25.595,1.5991,0.816,0.812,0.0,10.839,6.287,0.23,117,0,0,0,0
2024,345,2024-12-10,2024-12-17,Kerala,3023.0,5713.0,14.2749,34.58,0.2868,29.9183,0.076,23.67,0.6449,0.5581,29.634,0.0,303.761,226.054,1.99,247,0,1,0,0
2024,353,2024-12-18,2024-12-25,Karnataka,1026.0,1377.0,12.2303,33.355,1.2335,29.0337,0.1223,26.705,1.8365,0.7258,0.0,0.0,0.0,0.0,0.0,117,0,0,0,0
2024,353,2024-12-18,2024-12-25,Kerala,5397.0,5779.0,48.7393,34.27,0.4545,29.4183,0.0905,23.185,1.3273,0.5786,0.696,0.0,17.598,17.598,0.12,247,0,1,0,0
2024,361,2024-12-26,2024-12-31,Karnataka,1177.0,1359.0,10.7961,35.14,1.2049,29.4811,0.1763,26.64,1.8731,0.9585,0.353,0.0,10.046,10.046,0.08,117,0,0,0,0
2024,361,2024-12-26,2024-12-31,Kerala,4826.0,5645.0,7.5465,34.3,0.3599,29.1988,0.0956,25.92,0.8189,0.5844,3.159,0.0,36.631,27.535,0.5,247,0,1,0,0
